target,source
AFG,AUS
AFG,BEL
AFG,BGR
AFG,CAN
AFG,CHN
AFG,CZE
AFG,DNK
AFG,EGY
AFG,FIN
AFG,FRA
AFG,DEU
AFG,HUN
AFG,IND
AFG,IDN
AFG,IRN
AFG,ITA
AFG,JPN
AFG,KAZ
AFG,KOR
AFG,NLD
AFG,NZL
AFG,NOR
AFG,PAK
AFG,POL
AFG,RUS
AFG,SAU
AFG,ESP
AFG,SWE
AFG,TJK
AFG,TUR
AFG,TKM
AFG,ARE
AFG,GBR
AFG,USA
AFG,UZB
ALB,AUT
ALB,BGR
ALB,CHN
ALB,HRV
ALB,CZE
ALB,DNK
ALB,EGY
ALB,FRA
ALB,DEU
ALB,GRC
ALB,HUN
ALB,IRN
ALB,ITA
ALB,KWT
ALB,LBY
ALB,MKD
ALB,NLD
ALB,POL
ALB,RUS
ALB,SAU
ALB,SVN
ALB,ESP
ALB,CHE
ALB,TUR
ALB,GBR
ALB,USA
DZA,AGO
DZA,ARG
DZA,AUT
DZA,BEL
DZA,BEN
DZA,BRA
DZA,BGR
DZA,BFA
DZA,CMR
DZA,CAN
DZA,TCD
DZA,CHL
DZA,CHN
DZA,COG
DZA,HRV
DZA,CZE
DZA,CIV
DZA,EGY
DZA,FIN
DZA,FRA
DZA,GAB
DZA,DEU
DZA,GHA
DZA,GRC
DZA,GIN
DZA,GNB
DZA,HUN
DZA,IND
DZA,IDN
DZA,IRQ
DZA,ITA
DZA,JPN
DZA,JOR
DZA,KOR
DZA,KWT
DZA,LBN
DZA,LBY
DZA,MDG
DZA,MLI
DZA,MRT
DZA,MEX
DZA,MAR
DZA,NLD
DZA,NER
DZA,NGA
DZA,NOR
DZA,OMN
DZA,PAK
DZA,PER
DZA,POL
DZA,PRT
DZA,QAT
DZA,RUS
DZA,SAU
DZA,SEN
DZA,ZAF
DZA,ESP
DZA,SWE
DZA,CHE
DZA,TUN
DZA,TUR
DZA,UKR
DZA,ARE
DZA,GBR
DZA,USA
DZA,VNM
DZA,YEM
AGO,DZA
AGO,ARG
AGO,BEL
AGO,BRA
AGO,CHN
AGO,COG
AGO,COG
AGO,CIV
AGO,EGY
AGO,GNQ
AGO,FRA
AGO,GAB
AGO,DEU
AGO,GHA
AGO,IND
AGO,ISR
AGO,ITA
AGO,JPN
AGO,MLI
AGO,MAR
AGO,MOZ
AGO,NAM
AGO,NLD
AGO,NGA
AGO,NOR
AGO,POL
AGO,PRT
AGO,RUS
AGO,STP
AGO,ZAF
AGO,ESP
AGO,SWE
AGO,TUR
AGO,UKR
AGO,GBR
AGO,USA
AGO,VNM
AGO,ZMB
AGO,ZWE
ATG,BRA
ATG,CHN
ARG,ALB
ARG,DZA
ARG,AGO
ARG,ARM
ARG,AUS
ARG,AUT
ARG,AZE
ARG,BLR
ARG,BEL
ARG,BOL
ARG,BRA
ARG,BGR
ARG,CAN
ARG,CHL
ARG,CHN
ARG,COL
ARG,COG
ARG,CRI
ARG,HRV
ARG,CZE
ARG,DNK
ARG,DOM
ARG,ECU
ARG,EGY
ARG,SLV
ARG,FIN
ARG,FRA
ARG,GEO
ARG,DEU
ARG,GRC
ARG,GTM
ARG,HTI
ARG,HND
ARG,HUN
ARG,IND
ARG,IDN
ARG,IRN
ARG,IRL
ARG,ISR
ARG,ITA
ARG,JPN
ARG,KOR
ARG,KWT
ARG,LBN
ARG,LBY
ARG,LTU
ARG,MYS
ARG,MEX
ARG,MAR
ARG,NLD
ARG,NZL
ARG,NIC
ARG,NGA
ARG,NOR
ARG,PAK
ARG,PAN
ARG,PRY
ARG,PER
ARG,PHL
ARG,POL
ARG,PRT
ARG,RUS
ARG,SAU
ARG,SVK
ARG,SVN
ARG,ZAF
ARG,ESP
ARG,SWE
ARG,CHE
ARG,THA
ARG,TUN
ARG,TUR
ARG,UKR
ARG,ARE
ARG,GBR
ARG,USA
ARG,URY
ARG,VNM
ARM,ARG
ARM,BLR
ARM,BRA
ARM,BGR
ARM,CHN
ARM,EGY
ARM,FRA
ARM,GEO
ARM,DEU
ARM,GRC
ARM,IND
ARM,IRN
ARM,ITA
ARM,KAZ
ARM,KWT
ARM,LBN
ARM,LTU
ARM,POL
ARM,RUS
ARM,TKM
ARM,UKR
ARM,GBR
ARM,USA
AUS,AFG
AUS,DZA
AUS,ARG
AUS,AUT
AUS,BGD
AUS,BEL
AUS,BIH
AUS,BWA
AUS,BRA
AUS,BRN
AUS,BGR
AUS,KHM
AUS,CAN
AUS,CHL
AUS,CHN
AUS,COL
AUS,HRV
AUS,CYP
AUS,CZE
AUS,DNK
AUS,ECU
AUS,EGY
AUS,FJI
AUS,FIN
AUS,FRA
AUS,GEO
AUS,DEU
AUS,GHA
AUS,GRC
AUS,HUN
AUS,IND
AUS,IDN
AUS,IRN
AUS,IRQ
AUS,IRL
AUS,ISR
AUS,ITA
AUS,JPN
AUS,JOR
AUS,KEN
AUS,KOR
AUS,KWT
AUS,LAO
AUS,LBN
AUS,LBY
AUS,MKD
AUS,MYS
AUS,MLT
AUS,MUS
AUS,MEX
AUS,MNG
AUS,MAR
AUS,MMR
AUS,NPL
AUS,NLD
AUS,NZL
AUS,NGA
AUS,NOR
AUS,PAK
AUS,PNG
AUS,PER
AUS,PHL
AUS,POL
AUS,PRT
AUS,QAT
AUS,RUS
AUS,WSM
AUS,SAU
AUS,SGP
AUS,SVK
AUS,SVN
AUS,ZAF
AUS,ESP
AUS,LKA
AUS,SWE
AUS,CHE
AUS,THA
AUS,TON
AUS,TUN
AUS,TUR
AUS,UGA
AUS,UKR
AUS,ARE
AUS,GBR
AUS,USA
AUS,URY
AUS,VNM
AUS,ZWE
AUT,AFG
AUT,ALB
AUT,DZA
AUT,AGO
AUT,ARG
AUT,ARM
AUT,AUS
AUT,AZE
AUT,BLR
AUT,BEL
AUT,BOL
AUT,BIH
AUT,BRA
AUT,BGR
AUT,BFA
AUT,CAN
AUT,CHL
AUT,CHN
AUT,COL
AUT,CRI
AUT,HRV
AUT,CYP
AUT,CZE
AUT,CIV
AUT,DNK
AUT,DOM
AUT,ECU
AUT,EGY
AUT,SLV
AUT,EST
AUT,ETH
AUT,FIN
AUT,FRA
AUT,GEO
AUT,DEU
AUT,GRC
AUT,GTM
AUT,HUN
AUT,ISL
AUT,IND
AUT,IDN
AUT,IRN
AUT,IRQ
AUT,IRL
AUT,ISR
AUT,ITA
AUT,JPN
AUT,JOR
AUT,KAZ
AUT,KEN
AUT,KOR
AUT,KWT
AUT,KGZ
AUT,LVA
AUT,LBN
AUT,LBY
AUT,LTU
AUT,LUX
AUT,MKD
AUT,MYS
AUT,MLT
AUT,MEX
AUT,MDA
AUT,MNG
AUT,MAR
AUT,NAM
AUT,NLD
AUT,NZL
AUT,NIC
AUT,NGA
AUT,NOR
AUT,OMN
AUT,PAK
AUT,PAN
AUT,PRY
AUT,PER
AUT,PHL
AUT,POL
AUT,PRT
AUT,RUS
AUT,SAU
AUT,SVK
AUT,SVN
AUT,ZAF
AUT,ESP
AUT,LKA
AUT,SWE
AUT,CHE
AUT,TJK
AUT,THA
AUT,TUN
AUT,TUR
AUT,TKM
AUT,UKR
AUT,ARE
AUT,GBR
AUT,USA
AUT,URY
AUT,UZB
AUT,VNM
AUT,YEM
AUT,ZWE
AZE,ARG
AZE,AUT
AZE,BLR
AZE,BEL
AZE,BRA
AZE,BGR
AZE,CHN
AZE,CZE
AZE,EGY
AZE,FRA
AZE,GEO
AZE,DEU
AZE,GRC
AZE,HUN
AZE,IND
AZE,IRN
AZE,IRQ
AZE,ISR
AZE,ITA
AZE,JPN
AZE,JOR
AZE,KAZ
AZE,KOR
AZE,KWT
AZE,LVA
AZE,LTU
AZE,MDA
AZE,MAR
AZE,NLD
AZE,NOR
AZE,PAK
AZE,POL
AZE,QAT
AZE,RUS
AZE,SAU
AZE,CHE
AZE,TJK
AZE,TUR
AZE,TKM
AZE,UKR
AZE,ARE
AZE,GBR
AZE,USA
AZE,UZB
BHS,BRA
BHS,CHN
BHS,HTI
BHS,USA
BHR,DZA
BHR,BGD
BHR,BRN
BHR,CHN
BHR,EGY
BHR,FRA
BHR,DEU
BHR,IND
BHR,IDN
BHR,IRN
BHR,IRQ
BHR,ITA
BHR,JPN
BHR,JOR
BHR,KOR
BHR,KWT
BHR,LBN
BHR,LBY
BHR,MYS
BHR,MAR
BHR,OMN
BHR,PAK
BHR,PHL
BHR,QAT
BHR,RUS
BHR,SAU
BHR,SEN
BHR,THA
BHR,TUN
BHR,TUR
BHR,ARE
BHR,GBR
BHR,USA
BHR,YEM
BGD,AFG
BGD,AUS
BGD,BTN
BGD,BRN
BGD,CAN
BGD,CHN
BGD,DNK
BGD,EGY
BGD,FRA
BGD,DEU
BGD,IND
BGD,IDN
BGD,IRN
BGD,ITA
BGD,JPN
BGD,KOR
BGD,KWT
BGD,LBY
BGD,MYS
BGD,MDV
BGD,MAR
BGD,MMR
BGD,NPL
BGD,NLD
BGD,NOR
BGD,PAK
BGD,PHL
BGD,QAT
BGD,RUS
BGD,SAU
BGD,LKA
BGD,SWE
BGD,CHE
BGD,THA
BGD,TUR
BGD,ARE
BGD,GBR
BGD,USA
BGD,VNM
BLR,ARM
BLR,AZE
BLR,BRA
BLR,BGR
BLR,CHN
BLR,CZE
BLR,EST
BLR,FRA
BLR,GEO
BLR,DEU
BLR,HUN
BLR,IND
BLR,IRN
BLR,ISR
BLR,ITA
BLR,JPN
BLR,KAZ
BLR,KOR
BLR,KGZ
BLR,LVA
BLR,LBY
BLR,LTU
BLR,MDA
BLR,POL
BLR,RUS
BLR,SVK
BLR,SWE
BLR,TJK
BLR,TUR
BLR,TKM
BLR,UKR
BLR,ARE
BLR,GBR
BLR,USA
BLR,VNM
BEL,AFG
BEL,ALB
BEL,DZA
BEL,AGO
BEL,ARG
BEL,ARM
BEL,AUS
BEL,AUT
BEL,AZE
BEL,BHR
BEL,BGD
BEL,BLR
BEL,BEN
BEL,BTN
BEL,BOL
BEL,BIH
BEL,BWA
BEL,BRA
BEL,BRN
BEL,BGR
BEL,BFA
BEL,BDI
BEL,KHM
BEL,CMR
BEL,CAN
BEL,CAF
BEL,TCD
BEL,CHL
BEL,CHN
BEL,COL
BEL,COM
BEL,COG
BEL,COG
BEL,CRI
BEL,HRV
BEL,CYP
BEL,CZE
BEL,CIV
BEL,DNK
BEL,DMA
BEL,DOM
BEL,ECU
BEL,EGY
BEL,SLV
BEL,GNQ
BEL,EST
BEL,ETH
BEL,FJI
BEL,FIN
BEL,FRA
BEL,GAB
BEL,GMB
BEL,GEO
BEL,DEU
BEL,GHA
BEL,GRC
BEL,GRD
BEL,GTM
BEL,GIN
BEL,GNB
BEL,GUY
BEL,HTI
BEL,HND
BEL,HUN
BEL,ISL
BEL,IND
BEL,IDN
BEL,IRN
BEL,IRQ
BEL,IRL
BEL,ISR
BEL,ITA
BEL,JAM
BEL,JPN
BEL,JOR
BEL,KAZ
BEL,KEN
BEL,KOR
BEL,KWT
BEL,KGZ
BEL,LAO
BEL,LVA
BEL,LBN
BEL,LSO
BEL,LBR
BEL,LBY
BEL,LTU
BEL,LUX
BEL,MKD
BEL,MDG
BEL,MWI
BEL,MYS
BEL,MDV
BEL,MLI
BEL,MLT
BEL,MRT
BEL,MUS
BEL,MEX
BEL,MDA
BEL,MNG
BEL,MAR
BEL,MOZ
BEL,MMR
BEL,NAM
BEL,NPL
BEL,NLD
BEL,NZL
BEL,NIC
BEL,NER
BEL,NGA
BEL,NOR
BEL,OMN
BEL,PAK
BEL,PAN
BEL,PNG
BEL,PRY
BEL,PER
BEL,PHL
BEL,POL
BEL,PRT
BEL,QAT
BEL,RUS
BEL,RWA
BEL,KNA
BEL,LCA
BEL,VCT
BEL,WSM
BEL,STP
BEL,SAU
BEL,SEN
BEL,SYC
BEL,SLE
BEL,SGP
BEL,SVK
BEL,SVN
BEL,ZAF
BEL,ESP
BEL,LKA
BEL,SUR
BEL,SWZ
BEL,CHE
BEL,TJK
BEL,TZA
BEL,THA
BEL,TGO
BEL,TTO
BEL,TUN
BEL,TUR
BEL,TKM
BEL,UGA
BEL,UKR
BEL,ARE
BEL,GBR
BEL,USA
BEL,URY
BEL,UZB
BEL,VNM
BEL,YEM
BEL,ZMB
BEL,ZWE
BEN,CHN
BEN,COG
BEN,DNK
BEN,EGY
BEN,FRA
BEN,DEU
BEN,GHA
BEN,JPN
BEN,KWT
BEN,LBY
BEN,NLD
BEN,NER
BEN,NGA
BEN,RUS
BEN,ZAF
BEN,USA
BTN,BGD
BTN,IND
BTN,KWT
BOL,ARG
BOL,BRA
BOL,CHN
BOL,COL
BOL,DNK
BOL,ECU
BOL,EGY
BOL,FRA
BOL,DEU
BOL,IRN
BOL,ITA
BOL,JPN
BOL,KOR
BOL,MEX
BOL,NLD
BOL,NIC
BOL,PAN
BOL,PRY
BOL,PER
BOL,RUS
BOL,ESP
BOL,SWE
BOL,CHE
BOL,GBR
BOL,USA
BOL,URY
BIH,ALB
BIH,AUT
BIH,BGR
BIH,CHN
BIH,HRV
BIH,CZE
BIH,EGY
BIH,FRA
BIH,DEU
BIH,GRC
BIH,HUN
BIH,IRN
BIH,ITA
BIH,JPN
BIH,LBY
BIH,MKD
BIH,MYS
BIH,NLD
BIH,NOR
BIH,PAK
BIH,POL
BIH,PRT
BIH,QAT
BIH,RUS
BIH,SAU
BIH,SVK
BIH,SVN
BIH,ESP
BIH,SWE
BIH,CHE
BIH,TUR
BIH,GBR
BIH,USA
BWA,AGO
BWA,BRA
BWA,CHN
BWA,FRA
BWA,DEU
BWA,IND
BWA,KEN
BWA,LBY
BWA,MOZ
BWA,NAM
BWA,NGA
BWA,RUS
BWA,ZAF
BWA,GBR
BWA,USA
BWA,ZMB
BWA,ZWE
BRA,ALB
BRA,DZA
BRA,AGO
BRA,ARG
BRA,ARM
BRA,AUS
BRA,AUT
BRA,AZE
BRA,BGD
BRA,BLR
BRA,BEL
BRA,BEN
BRA,BOL
BRA,BWA
BRA,BGR
BRA,BFA
BRA,CMR
BRA,CAN
BRA,CHL
BRA,CHN
BRA,COL
BRA,COG
BRA,COG
BRA,CRI
BRA,HRV
BRA,CYP
BRA,CZE
BRA,CIV
BRA,DNK
BRA,DOM
BRA,ECU
BRA,EGY
BRA,SLV
BRA,GNQ
BRA,FJI
BRA,FIN
BRA,FRA
BRA,GAB
BRA,GEO
BRA,DEU
BRA,GHA
BRA,GRC
BRA,GTM
BRA,GIN
BRA,GNB
BRA,GUY
BRA,HTI
BRA,HND
BRA,HUN
BRA,IND
BRA,IDN
BRA,IRN
BRA,IRQ
BRA,IRL
BRA,ISR
BRA,ITA
BRA,JAM
BRA,JPN
BRA,JOR
BRA,KEN
BRA,KOR
BRA,KWT
BRA,LBN
BRA,LBY
BRA,MWI
BRA,MYS
BRA,MRT
BRA,MEX
BRA,MAR
BRA,MOZ
BRA,MMR
BRA,NAM
BRA,NPL
BRA,NLD
BRA,NZL
BRA,NIC
BRA,NGA
BRA,NOR
BRA,PAK
BRA,PAN
BRA,PRY
BRA,PER
BRA,PHL
BRA,POL
BRA,PRT
BRA,QAT
BRA,RUS
BRA,SAU
BRA,SEN
BRA,SVK
BRA,SVN
BRA,ZAF
BRA,ESP
BRA,LKA
BRA,SUR
BRA,SWE
BRA,CHE
BRA,TZA
BRA,THA
BRA,TTO
BRA,TUN
BRA,TUR
BRA,UKR
BRA,ARE
BRA,GBR
BRA,USA
BRA,URY
BRA,VNM
BRA,ZMB
BRA,ZWE
BRN,AUS
BRN,BGD
BRN,KHM
BRN,CAN
BRN,CHN
BRN,FRA
BRN,DEU
BRN,IND
BRN,IDN
BRN,IRN
BRN,JPN
BRN,KOR
BRN,KWT
BRN,LAO
BRN,MYS
BRN,MMR
BRN,OMN
BRN,PAK
BRN,PHL
BRN,QAT
BRN,RUS
BRN,SAU
BRN,SGP
BRN,THA
BRN,GBR
BRN,USA
BRN,VNM
BGR,AFG
BGR,ALB
BGR,DZA
BGR,ARG
BGR,ARM
BGR,AUT
BGR,AZE
BGR,BLR
BGR,BEL
BGR,BIH
BGR,BRA
BGR,CHN
BGR,HRV
BGR,CYP
BGR,CZE
BGR,DNK
BGR,EGY
BGR,FIN
BGR,FRA
BGR,GEO
BGR,DEU
BGR,GRC
BGR,HUN
BGR,IND
BGR,IDN
BGR,IRN
BGR,IRQ
BGR,IRL
BGR,ISR
BGR,ITA
BGR,JPN
BGR,KAZ
BGR,KOR
BGR,KWT
BGR,LBN
BGR,LBY
BGR,LTU
BGR,MKD
BGR,MDA
BGR,MNG
BGR,MAR
BGR,NLD
BGR,NOR
BGR,PAK
BGR,POL
BGR,PRT
BGR,QAT
BGR,RUS
BGR,SVK
BGR,ZAF
BGR,ESP
BGR,CHE
BGR,TUR
BGR,UKR
BGR,GBR
BGR,USA
BGR,VNM
BGR,YEM
BFA,DZA
BFA,BEL
BFA,BRA
BFA,CAN
BFA,TCD
BFA,CIV
BFA,DNK
BFA,EGY
BFA,FRA
BFA,DEU
BFA,GHA
BFA,JPN
BFA,LBY
BFA,MLI
BFA,MAR
BFA,NLD
BFA,NGA
BFA,SAU
BFA,SEN
BFA,ZAF
BFA,SWE
BFA,TUR
BFA,USA
BDI,BEL
BDI,CHN
BDI,COG
BDI,EGY
BDI,FRA
BDI,DEU
BDI,KEN
BDI,NGA
BDI,RUS
BDI,RWA
BDI,ZAF
BDI,TZA
BDI,USA
KHM,AUS
KHM,BRN
KHM,BGR
KHM,CHN
KHM,FRA
KHM,DEU
KHM,IND
KHM,IDN
KHM,JPN
KHM,KOR
KHM,KWT
KHM,LAO
KHM,MYS
KHM,MMR
KHM,PAK
KHM,PHL
KHM,RUS
KHM,SGP
KHM,SWE
KHM,THA
KHM,GBR
KHM,USA
KHM,VNM
CMR,DZA
CMR,BRA
CMR,CAN
CMR,CAF
CMR,TCD
CMR,CHN
CMR,COG
CMR,COG
CMR,CIV
CMR,EGY
CMR,GNQ
CMR,FRA
CMR,GAB
CMR,DEU
CMR,ISR
CMR,ITA
CMR,JPN
CMR,KOR
CMR,LBR
CMR,LBY
CMR,MAR
CMR,NGA
CMR,RUS
CMR,SAU
CMR,ZAF
CMR,ESP
CMR,CHE
CMR,TUN
CMR,TUR
CMR,GBR
CMR,USA
CAN,AFG
CAN,ALB
CAN,DZA
CAN,AGO
CAN,ARG
CAN,ARM
CAN,AUS
CAN,AUT
CAN,AZE
CAN,BHS
CAN,BGD
CAN,BLR
CAN,BEL
CAN,BEN
CAN,BOL
CAN,BIH
CAN,BRA
CAN,BRN
CAN,BGR
CAN,BFA
CAN,BDI
CAN,CMR
CAN,CHL
CAN,CHN
CAN,COL
CAN,COG
CAN,CRI
CAN,HRV
CAN,CZE
CAN,CIV
CAN,DNK
CAN,DMA
CAN,DOM
CAN,ECU
CAN,EGY
CAN,SLV
CAN,EST
CAN,ETH
CAN,FIN
CAN,FRA
CAN,GAB
CAN,GEO
CAN,DEU
CAN,GHA
CAN,GRC
CAN,GRD
CAN,GTM
CAN,GIN
CAN,GUY
CAN,HTI
CAN,HND
CAN,HUN
CAN,ISL
CAN,IND
CAN,IDN
CAN,IRQ
CAN,IRL
CAN,ISR
CAN,ITA
CAN,JAM
CAN,JPN
CAN,JOR
CAN,KAZ
CAN,KEN
CAN,KOR
CAN,KWT
CAN,LVA
CAN,LBN
CAN,LSO
CAN,LBY
CAN,LTU
CAN,MKD
CAN,MDG
CAN,MYS
CAN,MLI
CAN,MEX
CAN,MNG
CAN,MAR
CAN,MMR
CAN,NPL
CAN,NLD
CAN,NZL
CAN,NER
CAN,NGA
CAN,NOR
CAN,PAK
CAN,PAN
CAN,PRY
CAN,PER
CAN,PHL
CAN,POL
CAN,PRT
CAN,QAT
CAN,RUS
CAN,RWA
CAN,SAU
CAN,SEN
CAN,SVK
CAN,SVN
CAN,ZAF
CAN,ESP
CAN,LKA
CAN,SWE
CAN,CHE
CAN,TZA
CAN,THA
CAN,TGO
CAN,TTO
CAN,TUN
CAN,TUR
CAN,UGA
CAN,UKR
CAN,ARE
CAN,GBR
CAN,USA
CAN,URY
CAN,VNM
CAN,YEM
CAN,ZMB
CAN,ZWE
CAF,CMR
CAF,TCD
CAF,CHN
CAF,COG
CAF,COG
CAF,EGY
CAF,FRA
CAF,JPN
CAF,LBY
CAF,MAR
CAF,NGA
CAF,RUS
CAF,USA
TCD,DZA
TCD,CMR
TCD,CAF
TCD,CHN
TCD,COG
TCD,EGY
TCD,FRA
TCD,LBY
TCD,NGA
TCD,RUS
TCD,SAU
TCD,USA
CHL,DZA
CHL,ARG
CHL,AUS
CHL,AUT
CHL,BEL
CHL,BRA
CHL,CAN
CHL,CHN
CHL,COL
CHL,CRI
CHL,HRV
CHL,CZE
CHL,DNK
CHL,DOM
CHL,ECU
CHL,EGY
CHL,SLV
CHL,FIN
CHL,FRA
CHL,DEU
CHL,GRC
CHL,GTM
CHL,HTI
CHL,HND
CHL,IND
CHL,IDN
CHL,IRN
CHL,IRQ
CHL,ISR
CHL,ITA
CHL,JPN
CHL,JOR
CHL,KOR
CHL,KWT
CHL,LBN
CHL,MYS
CHL,MEX
CHL,MAR
CHL,NLD
CHL,NZL
CHL,NIC
CHL,NOR
CHL,PAK
CHL,PAN
CHL,PRY
CHL,PER
CHL,PHL
CHL,POL
CHL,PRT
CHL,RUS
CHL,ZAF
CHL,ESP
CHL,SWE
CHL,CHE
CHL,THA
CHL,TUR
CHL,ARE
CHL,GBR
CHL,USA
CHL,URY
CHL,VNM
CHN,AFG
CHN,ALB
CHN,DZA
CHN,AGO
CHN,ARG
CHN,ARM
CHN,AUS
CHN,AUT
CHN,AZE
CHN,BHS
CHN,BHR
CHN,BGD
CHN,BLR
CHN,BEL
CHN,BEN
CHN,BOL
CHN,BIH
CHN,BWA
CHN,BRA
CHN,BRN
CHN,BGR
CHN,BDI
CHN,KHM
CHN,CMR
CHN,CAN
CHN,CAF
CHN,TCD
CHN,CHL
CHN,COL
CHN,COG
CHN,COG
CHN,CRI
CHN,HRV
CHN,CYP
CHN,CZE
CHN,CIV
CHN,DNK
CHN,DMA
CHN,ECU
CHN,EGY
CHN,GNQ
CHN,EST
CHN,ETH
CHN,FJI
CHN,FIN
CHN,FRA
CHN,GAB
CHN,GEO
CHN,DEU
CHN,GHA
CHN,GRC
CHN,GRD
CHN,GIN
CHN,GNB
CHN,GUY
CHN,HUN
CHN,ISL
CHN,IND
CHN,IDN
CHN,IRN
CHN,IRQ
CHN,IRL
CHN,ISR
CHN,ITA
CHN,JAM
CHN,JPN
CHN,JOR
CHN,KAZ
CHN,KEN
CHN,KOR
CHN,KWT
CHN,KGZ
CHN,LAO
CHN,LVA
CHN,LBN
CHN,LSO
CHN,LBR
CHN,LBY
CHN,LTU
CHN,LUX
CHN,MKD
CHN,MDG
CHN,MWI
CHN,MYS
CHN,MDV
CHN,MLI
CHN,MLT
CHN,MRT
CHN,MUS
CHN,MEX
CHN,MDA
CHN,MNG
CHN,MAR
CHN,MOZ
CHN,MMR
CHN,NAM
CHN,NPL
CHN,NLD
CHN,NZL
CHN,NER
CHN,NGA
CHN,NOR
CHN,OMN
CHN,PAK
CHN,PNG
CHN,PER
CHN,PHL
CHN,POL
CHN,PRT
CHN,QAT
CHN,RUS
CHN,RWA
CHN,WSM
CHN,SAU
CHN,SEN
CHN,SYC
CHN,SLE
CHN,SGP
CHN,SVK
CHN,SVN
CHN,ZAF
CHN,ESP
CHN,LKA
CHN,SUR
CHN,SWE
CHN,CHE
CHN,TJK
CHN,TZA
CHN,THA
CHN,TGO
CHN,TON
CHN,TUN
CHN,TUR
CHN,TKM
CHN,UGA
CHN,UKR
CHN,ARE
CHN,GBR
CHN,USA
CHN,URY
CHN,UZB
CHN,VNM
CHN,YEM
CHN,ZMB
CHN,ZWE
COL,DZA
COL,ARG
COL,BEL
COL,BOL
COL,BRA
COL,CAN
COL,CHL
COL,CHN
COL,CRI
COL,DOM
COL,ECU
COL,EGY
COL,SLV
COL,FRA
COL,DEU
COL,GTM
COL,HND
COL,IND
COL,IDN
COL,IRN
COL,ISR
COL,ITA
COL,JAM
COL,JPN
COL,KOR
COL,LBN
COL,MEX
COL,MAR
COL,NLD
COL,NIC
COL,PAN
COL,PRY
COL,PER
COL,POL
COL,PRT
COL,RUS
COL,ESP
COL,SWE
COL,CHE
COL,TUR
COL,GBR
COL,USA
COL,URY
COM,CHN
COM,FRA
COM,LBY
COM,ZAF
COG,DZA
COG,AGO
COG,BEL
COG,BEN
COG,CMR
COG,CAN
COG,CAF
COG,TCD
COG,COG
COG,CIV
COG,EGY
COG,ETH
COG,FRA
COG,GAB
COG,DEU
COG,GRC
COG,IND
COG,IRN
COG,JPN
COG,KEN
COG,KOR
COG,LBN
COG,LBR
COG,MRT
COG,MAR
COG,NLD
COG,NGA
COG,PRT
COG,RUS
COG,RWA
COG,ZAF
COG,ESP
COG,SWE
COG,CHE
COG,TZA
COG,TGO
COG,TUN
COG,UGA
COG,GBR
COG,USA
COG,ZMB
COG,DZA
COG,AGO
COG,BEL
COG,CMR
COG,CAF
COG,TCD
COG,CHN
COG,COG
COG,EGY
COG,GNQ
COG,FRA
COG,GAB
COG,ITA
COG,LBY
COG,NGA
COG,RUS
COG,SEN
COG,ZAF
COG,USA
CRI,ARG
CRI,BEL
CRI,BOL
CRI,BRA
CRI,CAN
CRI,CHL
CRI,CHN
CRI,COL
CRI,DOM
CRI,ECU
CRI,SLV
CRI,FRA
CRI,DEU
CRI,GTM
CRI,HND
CRI,ISR
CRI,ITA
CRI,JPN
CRI,KOR
CRI,MEX
CRI,NLD
CRI,NIC
CRI,PAN
CRI,PRY
CRI,PER
CRI,RUS
CRI,ESP
CRI,CHE
CRI,GBR
CRI,USA
CRI,URY
HRV,ALB
HRV,DZA
HRV,AUS
HRV,AUT
HRV,BEL
HRV,BIH
HRV,BRA
HRV,BGR
HRV,CAN
HRV,CHL
HRV,CHN
HRV,CZE
HRV,DNK
HRV,EGY
HRV,FIN
HRV,FRA
HRV,DEU
HRV,GRC
HRV,HUN
HRV,IND
HRV,IRN
HRV,ISR
HRV,ITA
HRV,JPN
HRV,KAZ
HRV,KOR
HRV,LBY
HRV,MKD
HRV,MYS
HRV,NLD
HRV,NOR
HRV,POL
HRV,PRT
HRV,RUS
HRV,SVK
HRV,SVN
HRV,ESP
HRV,SWE
HRV,CHE
HRV,TUR
HRV,UKR
HRV,GBR
HRV,USA
CYP,AUS
CYP,AUT
CYP,BEL
CYP,BRA
CYP,BGR
CYP,CHN
CYP,CZE
CYP,DNK
CYP,EGY
CYP,FIN
CYP,FRA
CYP,GEO
CYP,DEU
CYP,GRC
CYP,HUN
CYP,IND
CYP,IRN
CYP,IRL
CYP,ISR
CYP,ITA
CYP,KWT
CYP,LBN
CYP,LBY
CYP,NLD
CYP,POL
CYP,PRT
CYP,QAT
CYP,RUS
CYP,SVK
CYP,ESP
CYP,SWE
CYP,CHE
CYP,UKR
CYP,GBR
CYP,USA
CZE,AFG
CZE,ALB
CZE,DZA
CZE,ARG
CZE,ARM
CZE,AUT
CZE,AZE
CZE,BLR
CZE,BEL
CZE,BIH
CZE,BRA
CZE,BGR
CZE,CAN
CZE,CHL
CZE,CHN
CZE,COG
CZE,HRV
CZE,CYP
CZE,DNK
CZE,EGY
CZE,EST
CZE,FIN
CZE,FRA
CZE,GEO
CZE,DEU
CZE,GHA
CZE,GRC
CZE,HUN
CZE,IND
CZE,IDN
CZE,IRN
CZE,IRQ
CZE,IRL
CZE,ISR
CZE,ITA
CZE,JPN
CZE,KAZ
CZE,KOR
CZE,KWT
CZE,LVA
CZE,LBN
CZE,LTU
CZE,LUX
CZE,MKD
CZE,MYS
CZE,MEX
CZE,MDA
CZE,MNG
CZE,MAR
CZE,NLD
CZE,NGA
CZE,NOR
CZE,PAK
CZE,PER
CZE,PHL
CZE,POL
CZE,PRT
CZE,RUS
CZE,SAU
CZE,SVK
CZE,SVN
CZE,ZAF
CZE,ESP
CZE,SWE
CZE,CHE
CZE,THA
CZE,TUN
CZE,TUR
CZE,UKR
CZE,GBR
CZE,USA
CZE,URY
CZE,VNM
CZE,YEM
CIV,DZA
CIV,AGO
CIV,BEL
CIV,BEN
CIV,BRA
CIV,BFA
CIV,CMR
CIV,CAN
CIV,CAF
CIV,CHN
CIV,COG
CIV,EGY
CIV,ETH
CIV,FRA
CIV,GAB
CIV,DEU
CIV,GHA
CIV,GIN
CIV,IND
CIV,IRN
CIV,ISR
CIV,ITA
CIV,JPN
CIV,KOR
CIV,LBN
CIV,LBR
CIV,LBY
CIV,MLI
CIV,MRT
CIV,MAR
CIV,NER
CIV,NGA
CIV,RUS
CIV,SAU
CIV,SEN
CIV,ZAF
CIV,ESP
CIV,CHE
CIV,TUN
CIV,GBR
CIV,USA
DNK,ALB
DNK,DZA
DNK,ARG
DNK,ARM
DNK,AUS
DNK,AUT
DNK,BEL
DNK,BEN
DNK,BOL
DNK,BIH
DNK,BRA
DNK,BGR
DNK,BFA
DNK,CAN
DNK,CHL
DNK,CHN
DNK,HRV
DNK,CYP
DNK,CZE
DNK,CIV
DNK,EGY
DNK,EST
DNK,FIN
DNK,FRA
DNK,GEO
DNK,DEU
DNK,GHA
DNK,GRC
DNK,HUN
DNK,ISL
DNK,IND
DNK,IDN
DNK,IRN
DNK,IRQ
DNK,IRL
DNK,ISR
DNK,ITA
DNK,JPN
DNK,KOR
DNK,LVA
DNK,LTU
DNK,LUX
DNK,MKD
DNK,MLT
DNK,MEX
DNK,MAR
DNK,NPL
DNK,NLD
DNK,NOR
DNK,PAK
DNK,POL
DNK,PRT
DNK,RUS
DNK,SAU
DNK,SVK
DNK,SVN
DNK,ZAF
DNK,ESP
DNK,SWE
DNK,CHE
DNK,THA
DNK,TUR
DNK,UGA
DNK,UKR
DNK,GBR
DNK,USA
DNK,VNM
DMA,CHN
DOM,ARG
DOM,BRA
DOM,CAN
DOM,CHL
DOM,COL
DOM,CRI
DOM,ECU
DOM,SLV
DOM,FRA
DOM,DEU
DOM,GTM
DOM,HTI
DOM,HND
DOM,ISR
DOM,ITA
DOM,JAM
DOM,JPN
DOM,KOR
DOM,MEX
DOM,MAR
DOM,NLD
DOM,NIC
DOM,PAN
DOM,PER
DOM,QAT
DOM,ESP
DOM,CHE
DOM,GBR
DOM,USA
DOM,URY
ECU,ARG
ECU,BOL
ECU,BRA
ECU,CAN
ECU,CHL
ECU,CHN
ECU,COL
ECU,CRI
ECU,DOM
ECU,EGY
ECU,SLV
ECU,FRA
ECU,DEU
ECU,GTM
ECU,HND
ECU,IDN
ECU,IRN
ECU,ISR
ECU,ITA
ECU,JPN
ECU,KOR
ECU,MEX
ECU,PAN
ECU,PRY
ECU,PER
ECU,RUS
ECU,ESP
ECU,CHE
ECU,GBR
ECU,USA
ECU,URY
EGY,AFG
EGY,ALB
EGY,DZA
EGY,AGO
EGY,ARG
EGY,ARM
EGY,AUS
EGY,AUT
EGY,AZE
EGY,BHR
EGY,BGD
EGY,BLR
EGY,BEL
EGY,BOL
EGY,BIH
EGY,BRA
EGY,BRN
EGY,BGR
EGY,BFA
EGY,BDI
EGY,KHM
EGY,CMR
EGY,CAN
EGY,CAF
EGY,TCD
EGY,CHL
EGY,CHN
EGY,COL
EGY,COG
EGY,HRV
EGY,CYP
EGY,CZE
EGY,CIV
EGY,DNK
EGY,ECU
EGY,EST
EGY,ETH
EGY,FIN
EGY,FRA
EGY,GAB
EGY,GEO
EGY,DEU
EGY,GHA
EGY,GRC
EGY,GTM
EGY,GIN
EGY,HND
EGY,HUN
EGY,IND
EGY,IDN
EGY,IRQ
EGY,IRL
EGY,ISR
EGY,ITA
EGY,JPN
EGY,JOR
EGY,KAZ
EGY,KEN
EGY,KOR
EGY,KWT
EGY,LVA
EGY,LBN
EGY,LSO
EGY,LBR
EGY,LBY
EGY,LTU
EGY,MYS
EGY,MLI
EGY,MLT
EGY,MRT
EGY,MUS
EGY,MEX
EGY,MNG
EGY,MAR
EGY,MOZ
EGY,MMR
EGY,NPL
EGY,NLD
EGY,NZL
EGY,NER
EGY,NGA
EGY,NOR
EGY,OMN
EGY,PAK
EGY,PAN
EGY,PER
EGY,PHL
EGY,POL
EGY,PRT
EGY,QAT
EGY,RUS
EGY,RWA
EGY,SEN
EGY,SGP
EGY,SVK
EGY,SVN
EGY,ZAF
EGY,ESP
EGY,LKA
EGY,SWE
EGY,CHE
EGY,TZA
EGY,THA
EGY,TUN
EGY,TUR
EGY,UGA
EGY,UKR
EGY,ARE
EGY,GBR
EGY,USA
EGY,URY
EGY,UZB
EGY,VNM
EGY,YEM
EGY,ZWE
SLV,ARG
SLV,BRA
SLV,CAN
SLV,CHL
SLV,COL
SLV,CRI
SLV,DOM
SLV,ECU
SLV,FRA
SLV,DEU
SLV,GTM
SLV,HND
SLV,ISR
SLV,ITA
SLV,JPN
SLV,KOR
SLV,MEX
SLV,NIC
SLV,PAN
SLV,PER
SLV,QAT
SLV,ESP
SLV,GBR
SLV,USA
SLV,URY
GNQ,AGO
GNQ,BRA
GNQ,CMR
GNQ,CHN
GNQ,COG
GNQ,FRA
GNQ,GAB
GNQ,DEU
GNQ,GIN
GNQ,MAR
GNQ,NGA
GNQ,ZAF
GNQ,ESP
GNQ,USA
EST,AUT
EST,AZE
EST,BLR
EST,BEL
EST,BRA
EST,BGR
EST,CHN
EST,CZE
EST,DNK
EST,FIN
EST,FRA
EST,GEO
EST,DEU
EST,GRC
EST,HUN
EST,IRL
EST,ITA
EST,JPN
EST,LVA
EST,LTU
EST,MKD
EST,MDA
EST,NLD
EST,NOR
EST,POL
EST,RUS
EST,ESP
EST,SWE
EST,TUR
EST,UKR
EST,GBR
EST,USA
ETH,DZA
ETH,AGO
ETH,AUS
ETH,AUT
ETH,BEL
ETH,BEN
ETH,BWA
ETH,BRA
ETH,BGR
ETH,BFA
ETH,BDI
ETH,CMR
ETH,CAN
ETH,TCD
ETH,CHN
ETH,COG
ETH,COG
ETH,CZE
ETH,CIV
ETH,DNK
ETH,EGY
ETH,GNQ
ETH,FIN
ETH,FRA
ETH,GAB
ETH,GMB
ETH,DEU
ETH,GHA
ETH,GRC
ETH,GIN
ETH,IND
ETH,IDN
ETH,IRN
ETH,IRL
ETH,ISR
ETH,ITA
ETH,JPN
ETH,KEN
ETH,KOR
ETH,KWT
ETH,LSO
ETH,LBR
ETH,LBY
ETH,MDG
ETH,MWI
ETH,MLI
ETH,MRT
ETH,MUS
ETH,MEX
ETH,MAR
ETH,MOZ
ETH,NAM
ETH,NLD
ETH,NER
ETH,NGA
ETH,NOR
ETH,PAK
ETH,POL
ETH,PRT
ETH,QAT
ETH,RUS
ETH,RWA
ETH,SAU
ETH,SEN
ETH,SLE
ETH,SVK
ETH,ZAF
ETH,ESP
ETH,SWZ
ETH,SWE
ETH,CHE
ETH,TZA
ETH,TGO
ETH,TUN
ETH,TUR
ETH,UGA
ETH,UKR
ETH,ARE
ETH,GBR
ETH,USA
ETH,YEM
ETH,ZMB
ETH,ZWE
FJI,AUS
FJI,CHN
FJI,FRA
FJI,IND
FJI,IDN
FJI,JPN
FJI,KIR
FJI,KOR
FJI,MYS
FJI,NZL
FJI,PNG
FJI,ZAF
FJI,GBR
FJI,USA
FIN,ARG
FIN,AUT
FIN,BLR
FIN,BEL
FIN,BRA
FIN,BGR
FIN,CAN
FIN,CHL
FIN,CHN
FIN,HRV
FIN,CYP
FIN,CZE
FIN,DNK
FIN,EGY
FIN,EST
FIN,FRA
FIN,DEU
FIN,GRC
FIN,HUN
FIN,ISL
FIN,IND
FIN,IDN
FIN,IRN
FIN,IRQ
FIN,IRL
FIN,ISR
FIN,ITA
FIN,JPN
FIN,KOR
FIN,LVA
FIN,LTU
FIN,MYS
FIN,MEX
FIN,MAR
FIN,NLD
FIN,NOR
FIN,PER
FIN,POL
FIN,PRT
FIN,RUS
FIN,SAU
FIN,SVK
FIN,ZAF
FIN,ESP
FIN,SWE
FIN,CHE
FIN,THA
FIN,TUN
FIN,TUR
FIN,UKR
FIN,GBR
FIN,USA
FIN,VNM
FRA,AFG
FRA,ALB
FRA,DZA
FRA,AGO
FRA,ATG
FRA,ARG
FRA,ARM
FRA,AUS
FRA,AUT
FRA,AZE
FRA,BHR
FRA,BGD
FRA,BLR
FRA,BEL
FRA,BEN
FRA,BOL
FRA,BIH
FRA,BRA
FRA,BRN
FRA,BGR
FRA,BFA
FRA,BDI
FRA,KHM
FRA,CMR
FRA,CAN
FRA,CAF
FRA,TCD
FRA,CHL
FRA,CHN
FRA,COL
FRA,COM
FRA,COG
FRA,COG
FRA,CRI
FRA,HRV
FRA,CYP
FRA,CZE
FRA,CIV
FRA,DNK
FRA,DOM
FRA,ECU
FRA,EGY
FRA,SLV
FRA,GNQ
FRA,EST
FRA,ETH
FRA,FIN
FRA,GAB
FRA,GMB
FRA,GEO
FRA,DEU
FRA,GHA
FRA,GRC
FRA,GTM
FRA,GIN
FRA,GNB
FRA,HTI
FRA,HND
FRA,HUN
FRA,ISL
FRA,IND
FRA,IDN
FRA,IRN
FRA,IRQ
FRA,IRL
FRA,ISR
FRA,ITA
FRA,JPN
FRA,JOR
FRA,KAZ
FRA,KEN
FRA,KOR
FRA,KWT
FRA,LAO
FRA,LVA
FRA,LBN
FRA,LBR
FRA,LBY
FRA,LTU
FRA,LUX
FRA,MKD
FRA,MDG
FRA,MYS
FRA,MLI
FRA,MLT
FRA,MRT
FRA,MUS
FRA,MEX
FRA,MDA
FRA,MNG
FRA,MAR
FRA,MOZ
FRA,MMR
FRA,NAM
FRA,NPL
FRA,NLD
FRA,NZL
FRA,NER
FRA,NGA
FRA,NOR
FRA,OMN
FRA,PAK
FRA,PAN
FRA,PRY
FRA,PER
FRA,PHL
FRA,POL
FRA,PRT
FRA,QAT
FRA,RUS
FRA,RWA
FRA,SAU
FRA,SEN
FRA,SYC
FRA,SGP
FRA,SVK
FRA,SVN
FRA,ZAF
FRA,ESP
FRA,LKA
FRA,SUR
FRA,SWE
FRA,CHE
FRA,TZA
FRA,THA
FRA,TGO
FRA,TUN
FRA,TUR
FRA,TKM
FRA,UGA
FRA,UKR
FRA,ARE
FRA,GBR
FRA,USA
FRA,URY
FRA,UZB
FRA,VNM
FRA,YEM
FRA,ZMB
FRA,ZWE
GAB,DZA
GAB,AGO
GAB,BEN
GAB,BRA
GAB,CMR
GAB,CHN
GAB,COG
GAB,COG
GAB,CIV
GAB,EGY
GAB,GNQ
GAB,FRA
GAB,DEU
GAB,GIN
GAB,ITA
GAB,JPN
GAB,KOR
GAB,LBN
GAB,MLI
GAB,MRT
GAB,MAR
GAB,NGA
GAB,RUS
GAB,STP
GAB,SAU
GAB,SEN
GAB,ZAF
GAB,ESP
GAB,TGO
GAB,TUN
GAB,UKR
GAB,USA
GMB,GNB
GMB,LBY
GMB,NGA
GMB,SEN
GMB,SLE
GMB,GBR
GMB,USA
GEO,ARM
GEO,AZE
GEO,BRA
GEO,BGR
GEO,CHN
GEO,CZE
GEO,EST
GEO,FRA
GEO,DEU
GEO,GRC
GEO,HUN
GEO,IRN
GEO,IRQ
GEO,ISR
GEO,ITA
GEO,JPN
GEO,KAZ
GEO,LVA
GEO,LTU
GEO,NLD
GEO,POL
GEO,SWE
GEO,CHE
GEO,TUR
GEO,UKR
GEO,GBR
GEO,USA
DEU,AFG
DEU,ALB
DEU,DZA
DEU,AGO
DEU,ARG
DEU,ARM
DEU,AUS
DEU,AUT
DEU,AZE
DEU,BHR
DEU,BGD
DEU,BLR
DEU,BEL
DEU,BEN
DEU,BOL
DEU,BIH
DEU,BRA
DEU,BRN
DEU,BGR
DEU,BFA
DEU,BDI
DEU,KHM
DEU,CMR
DEU,CAN
DEU,TCD
DEU,CHL
DEU,CHN
DEU,COL
DEU,COG
DEU,COG
DEU,CRI
DEU,HRV
DEU,CYP
DEU,CZE
DEU,CIV
DEU,DNK
DEU,DOM
DEU,ECU
DEU,EGY
DEU,SLV
DEU,GNQ
DEU,EST
DEU,ETH
DEU,FIN
DEU,FRA
DEU,GAB
DEU,GEO
DEU,GHA
DEU,GRC
DEU,GTM
DEU,GIN
DEU,HTI
DEU,HND
DEU,HUN
DEU,ISL
DEU,IND
DEU,IDN
DEU,IRN
DEU,IRQ
DEU,IRL
DEU,ISR
DEU,ITA
DEU,JAM
DEU,JPN
DEU,JOR
DEU,KAZ
DEU,KEN
DEU,KOR
DEU,KWT
DEU,KGZ
DEU,LAO
DEU,LVA
DEU,LBN
DEU,LSO
DEU,LBR
DEU,LBY
DEU,LTU
DEU,LUX
DEU,MKD
DEU,MDG
DEU,MWI
DEU,MYS
DEU,MLI
DEU,MLT
DEU,MRT
DEU,MUS
DEU,MEX
DEU,MDA
DEU,MNG
DEU,MAR
DEU,MOZ
DEU,MMR
DEU,NAM
DEU,NPL
DEU,NLD
DEU,NZL
DEU,NIC
DEU,NER
DEU,NGA
DEU,NOR
DEU,OMN
DEU,PAK
DEU,PAN
DEU,PRY
DEU,PER
DEU,PHL
DEU,POL
DEU,PRT
DEU,QAT
DEU,RUS
DEU,RWA
DEU,SAU
DEU,SEN
DEU,SLE
DEU,SGP
DEU,SVK
DEU,SVN
DEU,ZAF
DEU,ESP
DEU,LKA
DEU,SWE
DEU,CHE
DEU,TJK
DEU,TZA
DEU,THA
DEU,TGO
DEU,TUN
DEU,TUR
DEU,TKM
DEU,UGA
DEU,UKR
DEU,ARE
DEU,GBR
DEU,USA
DEU,URY
DEU,UZB
DEU,VNM
DEU,YEM
DEU,ZMB
DEU,ZWE
GHA,DZA
GHA,AGO
GHA,AUS
GHA,BEN
GHA,BRA
GHA,BGR
GHA,BFA
GHA,CAN
GHA,CHN
GHA,CZE
GHA,CIV
GHA,DNK
GHA,EGY
GHA,ETH
GHA,FRA
GHA,DEU
GHA,GIN
GHA,IND
GHA,IRN
GHA,ISR
GHA,ITA
GHA,JPN
GHA,KOR
GHA,LBN
GHA,LBR
GHA,LBY
GHA,MYS
GHA,MLI
GHA,NLD
GHA,NER
GHA,NGA
GHA,RUS
GHA,SEN
GHA,SLE
GHA,ZAF
GHA,ESP
GHA,CHE
GHA,TGO
GHA,GBR
GHA,USA
GRC,ALB
GRC,DZA
GRC,AGO
GRC,ARG
GRC,ARM
GRC,AUS
GRC,AUT
GRC,AZE
GRC,BGD
GRC,BEL
GRC,BIH
GRC,BRA
GRC,BGR
GRC,CAN
GRC,CHL
GRC,CHN
GRC,COG
GRC,HRV
GRC,CYP
GRC,CZE
GRC,DNK
GRC,EGY
GRC,EST
GRC,FIN
GRC,FRA
GRC,GEO
GRC,DEU
GRC,HUN
GRC,IND
GRC,IDN
GRC,IRN
GRC,IRQ
GRC,IRL
GRC,ISR
GRC,ITA
GRC,JPN
GRC,JOR
GRC,KAZ
GRC,KOR
GRC,KWT
GRC,LVA
GRC,LBN
GRC,LBY
GRC,LTU
GRC,LUX
GRC,MLT
GRC,MEX
GRC,MDA
GRC,MAR
GRC,NLD
GRC,NGA
GRC,NOR
GRC,PAK
GRC,PAN
GRC,PER
GRC,PHL
GRC,POL
GRC,PRT
GRC,QAT
GRC,RUS
GRC,SAU
GRC,SVK
GRC,SVN
GRC,ZAF
GRC,ESP
GRC,SWE
GRC,CHE
GRC,THA
GRC,TUN
GRC,TUR
GRC,UKR
GRC,ARE
GRC,GBR
GRC,USA
GRC,URY
GRC,VNM
GRD,BRA
GRD,CHN
GRD,USA
GTM,ARG
GTM,BRA
GTM,CAN
GTM,CHL
GTM,COL
GTM,CRI
GTM,DOM
GTM,ECU
GTM,EGY
GTM,SLV
GTM,FRA
GTM,DEU
GTM,HND
GTM,ISR
GTM,ITA
GTM,JPN
GTM,KOR
GTM,MEX
GTM,NLD
GTM,NIC
GTM,NOR
GTM,PAN
GTM,PER
GTM,RUS
GTM,ESP
GTM,SWE
GTM,CHE
GTM,GBR
GTM,USA
GTM,URY
GIN,DZA
GIN,AGO
GIN,CHN
GIN,COG
GIN,CIV
GIN,EGY
GIN,FRA
GIN,DEU
GIN,GHA
GIN,GNB
GIN,IRN
GIN,JPN
GIN,LBR
GIN,LBY
GIN,MYS
GIN,MLI
GIN,MAR
GIN,NGA
GIN,RUS
GIN,SAU
GIN,SEN
GIN,SLE
GIN,ZAF
GIN,UKR
GIN,GBR
GIN,USA
GNB,AGO
GNB,BRA
GNB,CHN
GNB,FRA
GNB,GMB
GNB,GIN
GNB,LBY
GNB,NGA
GNB,PRT
GNB,RUS
GNB,SEN
GNB,ZAF
GNB,ESP
GUY,BRA
GUY,CAN
GUY,CHN
GUY,IND
GUY,MEX
GUY,RUS
GUY,SUR
GUY,GBR
GUY,USA
HTI,ARG
HTI,BHS
HTI,BRA
HTI,CAN
HTI,CHL
HTI,DOM
HTI,FRA
HTI,DEU
HTI,JPN
HTI,MEX
HTI,PAN
HTI,ESP
HTI,USA
HND,ARG
HND,BRA
HND,CHL
HND,COL
HND,CRI
HND,DOM
HND,ECU
HND,SLV
HND,FRA
HND,DEU
HND,GTM
HND,ITA
HND,JPN
HND,KOR
HND,MEX
HND,NIC
HND,PAN
HND,PER
HND,ESP
HND,USA
HUN,ALB
HUN,DZA
HUN,AGO
HUN,ARG
HUN,AUS
HUN,AUT
HUN,AZE
HUN,BLR
HUN,BEL
HUN,BIH
HUN,BRA
HUN,BGR
HUN,CAN
HUN,CAF
HUN,CHL
HUN,CHN
HUN,HRV
HUN,CYP
HUN,CZE
HUN,DNK
HUN,ECU
HUN,EGY
HUN,EST
HUN,FIN
HUN,FRA
HUN,GEO
HUN,DEU
HUN,GRC
HUN,IND
HUN,IDN
HUN,IRN
HUN,IRQ
HUN,IRL
HUN,ISR
HUN,ITA
HUN,JPN
HUN,KAZ
HUN,KOR
HUN,KWT
HUN,LVA
HUN,LBN
HUN,LBY
HUN,LTU
HUN,MKD
HUN,MYS
HUN,MEX
HUN,MDA
HUN,MNG
HUN,MAR
HUN,NLD
HUN,NGA
HUN,NOR
HUN,PAK
HUN,PHL
HUN,POL
HUN,PRT
HUN,QAT
HUN,RUS
HUN,SAU
HUN,SVK
HUN,SVN
HUN,ZAF
HUN,ESP
HUN,SWE
HUN,CHE
HUN,THA
HUN,TUN
HUN,TUR
HUN,UKR
HUN,GBR
HUN,USA
HUN,VNM
HUN,YEM
ISL,CAN
ISL,CHN
ISL,DNK
ISL,FIN
ISL,FRA
ISL,DEU
ISL,IND
ISL,JPN
ISL,NOR
ISL,RUS
ISL,SWE
ISL,GBR
ISL,USA
IND,AFG
IND,ALB
IND,DZA
IND,AGO
IND,ARG
IND,ARM
IND,AUS
IND,AUT
IND,AZE
IND,BHR
IND,BGD
IND,BLR
IND,BEL
IND,BEN
IND,BTN
IND,BIH
IND,BWA
IND,BRA
IND,BRN
IND,BGR
IND,BFA
IND,BDI
IND,KHM
IND,CAN
IND,CHL
IND,CHN
IND,COL
IND,COG
IND,CRI
IND,HRV
IND,CYP
IND,CZE
IND,CIV
IND,DNK
IND,DOM
IND,ECU
IND,EGY
IND,SLV
IND,ETH
IND,FJI
IND,FIN
IND,FRA
IND,GAB
IND,GMB
IND,GEO
IND,DEU
IND,GHA
IND,GRC
IND,GUY
IND,HUN
IND,ISL
IND,IDN
IND,IRN
IND,IRQ
IND,IRL
IND,ISR
IND,ITA
IND,JPN
IND,JOR
IND,KAZ
IND,KEN
IND,KOR
IND,KWT
IND,KGZ
IND,LAO
IND,LBN
IND,LSO
IND,LBY
IND,LTU
IND,LUX
IND,MKD
IND,MDG
IND,MWI
IND,MYS
IND,MDV
IND,MLT
IND,MUS
IND,MEX
IND,MNG
IND,MAR
IND,MOZ
IND,MMR
IND,NAM
IND,NPL
IND,NLD
IND,NZL
IND,NGA
IND,NOR
IND,OMN
IND,PAK
IND,PAN
IND,PNG
IND,PRY
IND,PER
IND,PHL
IND,POL
IND,PRT
IND,QAT
IND,RUS
IND,RWA
IND,SAU
IND,SEN
IND,SYC
IND,SGP
IND,SVK
IND,SVN
IND,ZAF
IND,ESP
IND,LKA
IND,SUR
IND,SWE
IND,CHE
IND,TJK
IND,TZA
IND,THA
IND,TTO
IND,TUN
IND,TUR
IND,TKM
IND,UGA
IND,UKR
IND,ARE
IND,GBR
IND,USA
IND,URY
IND,UZB
IND,VNM
IND,YEM
IND,ZMB
IND,ZWE
IDN,AFG
IDN,DZA
IDN,ARG
IDN,AUS
IDN,AUT
IDN,AZE
IDN,BGD
IDN,BLR
IDN,BEL
IDN,BIH
IDN,BRA
IDN,BRN
IDN,BGR
IDN,KHM
IDN,CAN
IDN,CHL
IDN,CHN
IDN,COL
IDN,HRV
IDN,CYP
IDN,CZE
IDN,DNK
IDN,ECU
IDN,EGY
IDN,FJI
IDN,FIN
IDN,FRA
IDN,GEO
IDN,DEU
IDN,GRC
IDN,HUN
IDN,IND
IDN,IRN
IDN,IRQ
IDN,ITA
IDN,JPN
IDN,JOR
IDN,KOR
IDN,KWT
IDN,LAO
IDN,LBN
IDN,LBY
IDN,MYS
IDN,MEX
IDN,MAR
IDN,MOZ
IDN,MMR
IDN,NLD
IDN,NZL
IDN,NGA
IDN,NOR
IDN,PAK
IDN,PAN
IDN,PNG
IDN,PER
IDN,PHL
IDN,POL
IDN,PRT
IDN,QAT
IDN,RUS
IDN,SAU
IDN,SGP
IDN,SVK
IDN,ZAF
IDN,ESP
IDN,LKA
IDN,SUR
IDN,SWE
IDN,CHE
IDN,THA
IDN,TUN
IDN,TUR
IDN,UKR
IDN,ARE
IDN,GBR
IDN,USA
IDN,UZB
IDN,VNM
IDN,YEM
IDN,ZWE
IRN,AFG
IRN,DZA
IRN,ARG
IRN,ARM
IRN,AUS
IRN,AUT
IRN,AZE
IRN,BHR
IRN,BGD
IRN,BLR
IRN,BEL
IRN,BIH
IRN,BRA
IRN,BRN
IRN,BGR
IRN,CHN
IRN,COM
IRN,HRV
IRN,CYP
IRN,CZE
IRN,DNK
IRN,FIN
IRN,FRA
IRN,GMB
IRN,GEO
IRN,DEU
IRN,GRC
IRN,GIN
IRN,HUN
IRN,IND
IRN,IDN
IRN,IRQ
IRN,ITA
IRN,JPN
IRN,JOR
IRN,KAZ
IRN,KEN
IRN,KOR
IRN,KWT
IRN,KGZ
IRN,LBN
IRN,LBY
IRN,MKD
IRN,MYS
IRN,MLI
IRN,MEX
IRN,MAR
IRN,NLD
IRN,NZL
IRN,NIC
IRN,NGA
IRN,NOR
IRN,OMN
IRN,PAK
IRN,PHL
IRN,POL
IRN,PRT
IRN,QAT
IRN,RUS
IRN,SAU
IRN,SLE
IRN,SVK
IRN,SVN
IRN,ZAF
IRN,ESP
IRN,LKA
IRN,SWE
IRN,CHE
IRN,TJK
IRN,THA
IRN,TUN
IRN,TUR
IRN,TKM
IRN,UGA
IRN,UKR
IRN,ARE
IRN,URY
IRN,UZB
IRN,VNM
IRN,YEM
IRN,ZWE
IRQ,DZA
IRQ,AUS
IRQ,BHR
IRQ,BGD
IRQ,BGR
IRQ,CAN
IRQ,CHN
IRQ,CZE
IRQ,EGY
IRQ,FRA
IRQ,DEU
IRQ,GRC
IRQ,IND
IRQ,IRN
IRQ,ITA
IRQ,JPN
IRQ,JOR
IRQ,KOR
IRQ,KWT
IRQ,LBN
IRQ,NLD
IRQ,PAK
IRQ,PHL
IRQ,POL
IRQ,RUS
IRQ,SVK
IRQ,ESP
IRQ,SWE
IRQ,TUN
IRQ,TUR
IRQ,UKR
IRQ,ARE
IRQ,GBR
IRQ,USA
IRQ,YEM
IRL,ARG
IRL,AUS
IRL,AUT
IRL,BEL
IRL,BRA
IRL,BGR
IRL,CAN
IRL,CHL
IRL,CHN
IRL,HRV
IRL,CYP
IRL,CZE
IRL,DNK
IRL,EGY
IRL,EST
IRL,ETH
IRL,FIN
IRL,FRA
IRL,GEO
IRL,DEU
IRL,GRC
IRL,HUN
IRL,IND
IRL,IRN
IRL,ISR
IRL,ITA
IRL,JPN
IRL,KEN
IRL,KOR
IRL,LVA
IRL,LSO
IRL,LTU
IRL,MYS
IRL,MLT
IRL,MEX
IRL,MAR
IRL,NLD
IRL,NGA
IRL,NOR
IRL,PAK
IRL,POL
IRL,PRT
IRL,RUS
IRL,SAU
IRL,SVK
IRL,ZAF
IRL,ESP
IRL,CHE
IRL,TUR
IRL,UKR
IRL,ARE
IRL,GBR
IRL,USA
ISR,ALB
ISR,AGO
ISR,ARG
ISR,AUS
ISR,AUT
ISR,BLR
ISR,BEL
ISR,BIH
ISR,BRA
ISR,BGR
ISR,CMR
ISR,CAN
ISR,CHL
ISR,CHN
ISR,COL
ISR,COG
ISR,COG
ISR,CRI
ISR,HRV
ISR,CYP
ISR,CZE
ISR,CIV
ISR,DNK
ISR,DOM
ISR,ECU
ISR,EGY
ISR,SLV
ISR,EST
ISR,ETH
ISR,FIN
ISR,FRA
ISR,GEO
ISR,DEU
ISR,GHA
ISR,GRC
ISR,GTM
ISR,HND
ISR,HUN
ISR,IND
ISR,IRL
ISR,ITA
ISR,JPN
ISR,JOR
ISR,KAZ
ISR,KEN
ISR,KOR
ISR,LVA
ISR,LTU
ISR,MKD
ISR,MEX
ISR,MDA
ISR,MMR
ISR,NPL
ISR,NLD
ISR,NGA
ISR,NOR
ISR,PAN
ISR,PER
ISR,PHL
ISR,POL
ISR,PRT
ISR,RUS
ISR,SVK
ISR,SVN
ISR,ZAF
ISR,ESP
ISR,LKA
ISR,SWE
ISR,CHE
ISR,THA
ISR,TUR
ISR,UKR
ISR,GBR
ISR,USA
ISR,URY
ISR,UZB
ISR,VNM
ITA,AFG
ITA,ALB
ITA,DZA
ITA,AGO
ITA,ARG
ITA,ARM
ITA,AUS
ITA,AUT
ITA,AZE
ITA,BGD
ITA,BLR
ITA,BEL
ITA,BEN
ITA,BOL
ITA,BIH
ITA,BRA
ITA,BGR
ITA,BFA
ITA,BDI
ITA,CMR
ITA,CAN
ITA,CHL
ITA,CHN
ITA,COL
ITA,COG
ITA,COG
ITA,CRI
ITA,HRV
ITA,CYP
ITA,CZE
ITA,CIV
ITA,DNK
ITA,DOM
ITA,ECU
ITA,EGY
ITA,SLV
ITA,GNQ
ITA,EST
ITA,ETH
ITA,FIN
ITA,FRA
ITA,GAB
ITA,GEO
ITA,DEU
ITA,GHA
ITA,GRC
ITA,GTM
ITA,GIN
ITA,HTI
ITA,HND
ITA,HUN
ITA,IND
ITA,IDN
ITA,IRN
ITA,IRQ
ITA,IRL
ITA,ISR
ITA,JPN
ITA,JOR
ITA,KAZ
ITA,KEN
ITA,KOR
ITA,KWT
ITA,LVA
ITA,LBN
ITA,LSO
ITA,LBR
ITA,LBY
ITA,LTU
ITA,LUX
ITA,MKD
ITA,MDG
ITA,MYS
ITA,MLI
ITA,MLT
ITA,MRT
ITA,MEX
ITA,MDA
ITA,MAR
ITA,MOZ
ITA,MMR
ITA,NLD
ITA,NZL
ITA,NIC
ITA,NER
ITA,NGA
ITA,NOR
ITA,OMN
ITA,PAK
ITA,PAN
ITA,PRY
ITA,PER
ITA,PHL
ITA,POL
ITA,PRT
ITA,QAT
ITA,RUS
ITA,SAU
ITA,SEN
ITA,SVK
ITA,SVN
ITA,ZAF
ITA,ESP
ITA,LKA
ITA,SWE
ITA,CHE
ITA,TZA
ITA,THA
ITA,TUN
ITA,TUR
ITA,UGA
ITA,UKR
ITA,ARE
ITA,GBR
ITA,USA
ITA,URY
ITA,UZB
ITA,YEM
ITA,ZMB
ITA,ZWE
JAM,ARG
JAM,BEL
JAM,BRA
JAM,CAN
JAM,CHL
JAM,CHN
JAM,COL
JAM,CRI
JAM,DOM
JAM,FRA
JAM,DEU
JAM,HTI
JAM,IND
JAM,JPN
JAM,KOR
JAM,MEX
JAM,NIC
JAM,NGA
JAM,PAN
JAM,PER
JAM,RUS
JAM,KNA
JAM,SEN
JAM,ZAF
JAM,ESP
JAM,TTO
JAM,GBR
JAM,USA
JPN,AFG
JPN,ALB
JPN,DZA
JPN,AGO
JPN,ARG
JPN,AUS
JPN,AUT
JPN,AZE
JPN,BHR
JPN,BGD
JPN,BLR
JPN,BEL
JPN,BEN
JPN,BOL
JPN,BIH
JPN,BWA
JPN,BRA
JPN,BRN
JPN,BGR
JPN,BFA
JPN,KHM
JPN,CMR
JPN,CAN
JPN,CHL
JPN,CHN
JPN,COL
JPN,COG
JPN,CRI
JPN,HRV
JPN,CZE
JPN,CIV
JPN,DNK
JPN,DOM
JPN,ECU
JPN,EGY
JPN,SLV
JPN,EST
JPN,ETH
JPN,FJI
JPN,FIN
JPN,FRA
JPN,GAB
JPN,GEO
JPN,DEU
JPN,GHA
JPN,GRC
JPN,GTM
JPN,GIN
JPN,HTI
JPN,HND
JPN,HUN
JPN,ISL
JPN,IND
JPN,IDN
JPN,IRN
JPN,IRQ
JPN,IRL
JPN,ISR
JPN,ITA
JPN,JAM
JPN,JOR
JPN,KAZ
JPN,KEN
JPN,KOR
JPN,KWT
JPN,KGZ
JPN,LAO
JPN,LVA
JPN,LBN
JPN,LSO
JPN,LBR
JPN,LBY
JPN,LTU
JPN,LUX
JPN,MDG
JPN,MWI
JPN,MYS
JPN,MDV
JPN,MLI
JPN,MRT
JPN,MEX
JPN,MNG
JPN,MAR
JPN,MOZ
JPN,MMR
JPN,NAM
JPN,NPL
JPN,NLD
JPN,NZL
JPN,NIC
JPN,NGA
JPN,NOR
JPN,OMN
JPN,PAK
JPN,PLW
JPN,PAN
JPN,PNG
JPN,PRY
JPN,PER
JPN,PHL
JPN,POL
JPN,PRT
JPN,QAT
JPN,RUS
JPN,RWA
JPN,WSM
JPN,SAU
JPN,SEN
JPN,SGP
JPN,SVK
JPN,SVN
JPN,ZAF
JPN,ESP
JPN,LKA
JPN,SWE
JPN,CHE
JPN,TJK
JPN,TZA
JPN,THA
JPN,TUN
JPN,TUR
JPN,UGA
JPN,UKR
JPN,ARE
JPN,GBR
JPN,USA
JPN,URY
JPN,UZB
JPN,VNM
JPN,YEM
JPN,ZMB
JPN,ZWE
JOR,DZA
JOR,AUS
JOR,AUT
JOR,AZE
JOR,BHR
JOR,BGD
JOR,BEL
JOR,BIH
JOR,BRA
JOR,BRN
JOR,BGR
JOR,CAN
JOR,CHL
JOR,CHN
JOR,CYP
JOR,CZE
JOR,EGY
JOR,FRA
JOR,GEO
JOR,DEU
JOR,GRC
JOR,HUN
JOR,IND
JOR,IDN
JOR,IRN
JOR,IRQ
JOR,ISR
JOR,ITA
JOR,JPN
JOR,KAZ
JOR,KOR
JOR,KWT
JOR,LBN
JOR,LBY
JOR,MYS
JOR,MRT
JOR,MAR
JOR,NLD
JOR,NOR
JOR,OMN
JOR,PAK
JOR,PHL
JOR,POL
JOR,QAT
JOR,RUS
JOR,SAU
JOR,ZAF
JOR,ESP
JOR,LKA
JOR,SWE
JOR,CHE
JOR,THA
JOR,TUN
JOR,TUR
JOR,UKR
JOR,ARE
JOR,GBR
JOR,USA
JOR,YEM
KAZ,AFG
KAZ,ARM
KAZ,AUT
KAZ,AZE
KAZ,BLR
KAZ,BEL
KAZ,BRA
KAZ,BGR
KAZ,CAN
KAZ,CHN
KAZ,CZE
KAZ,EGY
KAZ,EST
KAZ,FRA
KAZ,GEO
KAZ,DEU
KAZ,GRC
KAZ,HUN
KAZ,IND
KAZ,IDN
KAZ,IRN
KAZ,IRQ
KAZ,ISR
KAZ,ITA
KAZ,JPN
KAZ,JOR
KAZ,KOR
KAZ,KGZ
KAZ,LVA
KAZ,LBN
KAZ,LBY
KAZ,LTU
KAZ,MYS
KAZ,MNG
KAZ,NLD
KAZ,OMN
KAZ,PAK
KAZ,POL
KAZ,QAT
KAZ,RUS
KAZ,SAU
KAZ,SVK
KAZ,ZAF
KAZ,ESP
KAZ,CHE
KAZ,TJK
KAZ,TUR
KAZ,TKM
KAZ,UKR
KAZ,ARE
KAZ,GBR
KAZ,USA
KAZ,UZB
KAZ,VNM
KEN,DZA
KEN,ARG
KEN,AUS
KEN,AUT
KEN,BGD
KEN,BEL
KEN,BWA
KEN,BRA
KEN,BDI
KEN,CAN
KEN,CHL
KEN,CHN
KEN,COL
KEN,COG
KEN,CYP
KEN,DNK
KEN,EGY
KEN,ETH
KEN,FIN
KEN,FRA
KEN,DEU
KEN,GRC
KEN,HUN
KEN,IND
KEN,IDN
KEN,IRN
KEN,ISR
KEN,ITA
KEN,JPN
KEN,KOR
KEN,KWT
KEN,LBY
KEN,MWI
KEN,MYS
KEN,MEX
KEN,MAR
KEN,MOZ
KEN,NLD
KEN,NGA
KEN,NOR
KEN,PAK
KEN,POL
KEN,RUS
KEN,RWA
KEN,SAU
KEN,SEN
KEN,SVK
KEN,ZAF
KEN,ESP
KEN,LKA
KEN,SWE
KEN,CHE
KEN,TZA
KEN,THA
KEN,TUR
KEN,UGA
KEN,UKR
KEN,GBR
KEN,USA
KEN,YEM
KEN,ZMB
KEN,ZWE
KIR,AUS
KIR,NZL
KOR,AFG
KOR,DZA
KOR,AGO
KOR,ARG
KOR,AUS
KOR,AUT
KOR,AZE
KOR,BGD
KOR,BLR
KOR,BEL
KOR,BRA
KOR,BRN
KOR,BGR
KOR,KHM
KOR,CAN
KOR,CHL
KOR,CHN
KOR,COL
KOR,COG
KOR,CRI
KOR,CZE
KOR,CIV
KOR,DNK
KOR,DOM
KOR,ECU
KOR,EGY
KOR,SLV
KOR,FJI
KOR,FIN
KOR,FRA
KOR,GAB
KOR,DEU
KOR,GHA
KOR,GRC
KOR,GTM
KOR,HND
KOR,HUN
KOR,IND
KOR,IDN
KOR,IRN
KOR,IRQ
KOR,IRL
KOR,ISR
KOR,ITA
KOR,JPN
KOR,JOR
KOR,KAZ
KOR,KEN
KOR,KWT
KOR,KGZ
KOR,LAO
KOR,LBN
KOR,MYS
KOR,MEX
KOR,MNG
KOR,MAR
KOR,MMR
KOR,NPL
KOR,NLD
KOR,NZL
KOR,NGA
KOR,NOR
KOR,OMN
KOR,PAK
KOR,PAN
KOR,PNG
KOR,PRY
KOR,PER
KOR,PHL
KOR,POL
KOR,PRT
KOR,QAT
KOR,RUS
KOR,RWA
KOR,SAU
KOR,SEN
KOR,SGP
KOR,SVK
KOR,ZAF
KOR,ESP
KOR,LKA
KOR,SWE
KOR,CHE
KOR,THA
KOR,TUN
KOR,TUR
KOR,UKR
KOR,ARE
KOR,GBR
KOR,USA
KOR,URY
KOR,UZB
KOR,VNM
KWT,AFG
KWT,DZA
KWT,ARG
KWT,ARM
KWT,AUS
KWT,AUT
KWT,AZE
KWT,BHR
KWT,BGD
KWT,BEL
KWT,BTN
KWT,BIH
KWT,BRA
KWT,BGR
KWT,CAN
KWT,CHN
KWT,CZE
KWT,EGY
KWT,ETH
KWT,FRA
KWT,GEO
KWT,DEU
KWT,GRC
KWT,HUN
KWT,IND
KWT,IDN
KWT,IRN
KWT,IRQ
KWT,ITA
KWT,JPN
KWT,JOR
KWT,KOR
KWT,LBN
KWT,LBY
KWT,MYS
KWT,MNG
KWT,MAR
KWT,NLD
KWT,NER
KWT,NGA
KWT,OMN
KWT,PAK
KWT,PHL
KWT,POL
KWT,QAT
KWT,RUS
KWT,SAU
KWT,SEN
KWT,ZAF
KWT,ESP
KWT,LKA
KWT,CHE
KWT,THA
KWT,TUN
KWT,TUR
KWT,UKR
KWT,ARE
KWT,GBR
KWT,USA
KWT,UZB
KWT,YEM
KWT,ZWE
KGZ,AZE
KGZ,BLR
KGZ,CHN
KGZ,DEU
KGZ,IND
KGZ,IRN
KGZ,JPN
KGZ,KAZ
KGZ,KOR
KGZ,PAK
KGZ,RUS
KGZ,CHE
KGZ,TJK
KGZ,TUR
KGZ,UKR
KGZ,GBR
KGZ,USA
KGZ,UZB
LAO,AUS
LAO,BRN
LAO,KHM
LAO,CHN
LAO,FRA
LAO,DEU
LAO,IND
LAO,IDN
LAO,JPN
LAO,KOR
LAO,MYS
LAO,MNG
LAO,MMR
LAO,PHL
LAO,RUS
LAO,SGP
LAO,THA
LAO,GBR
LAO,USA
LAO,VNM
LVA,AUT
LVA,AZE
LVA,BLR
LVA,BEL
LVA,CAN
LVA,CHN
LVA,CZE
LVA,DNK
LVA,EST
LVA,FIN
LVA,FRA
LVA,GEO
LVA,DEU
LVA,GRC
LVA,HUN
LVA,IRL
LVA,ISR
LVA,ITA
LVA,JPN
LVA,LTU
LVA,MDA
LVA,NLD
LVA,NOR
LVA,POL
LVA,PRT
LVA,RUS
LVA,SVK
LVA,ESP
LVA,SWE
LVA,CHE
LVA,TUR
LVA,UKR
LVA,GBR
LVA,USA
LVA,UZB
LBN,DZA
LBN,ARG
LBN,ARM
LBN,AUS
LBN,AUT
LBN,BEL
LBN,BRA
LBN,BGR
LBN,CAN
LBN,CHL
LBN,CHN
LBN,COL
LBN,CYP
LBN,CZE
LBN,DNK
LBN,EGY
LBN,FRA
LBN,GAB
LBN,DEU
LBN,GRC
LBN,HUN
LBN,IND
LBN,IDN
LBN,IRN
LBN,IRQ
LBN,ITA
LBN,JPN
LBN,JOR
LBN,KOR
LBN,KWT
LBN,MEX
LBN,MAR
LBN,NLD
LBN,NOR
LBN,PAK
LBN,PRY
LBN,PHL
LBN,POL
LBN,QAT
LBN,RUS
LBN,SAU
LBN,ESP
LBN,LKA
LBN,CHE
LBN,TUN
LBN,TUR
LBN,UKR
LBN,ARE
LBN,GBR
LBN,USA
LBN,URY
LBN,YEM
LSO,CHN
LSO,IRL
LSO,LBY
LSO,ZAF
LSO,USA
LBR,DZA
LBR,CMR
LBR,CHN
LBR,COG
LBR,CIV
LBR,EGY
LBR,FRA
LBR,DEU
LBR,GHA
LBR,GIN
LBR,LBN
LBR,LBY
LBR,MAR
LBR,NGA
LBR,RUS
LBR,SLE
LBR,ZAF
LBR,GBR
LBR,USA
LBY,AFG
LBY,DZA
LBY,ARG
LBY,AUT
LBY,BGD
LBY,BLR
LBY,BEL
LBY,BEN
LBY,BIH
LBY,BRA
LBY,BGR
LBY,BFA
LBY,BDI
LBY,CAN
LBY,TCD
LBY,CHN
LBY,HRV
LBY,CYP
LBY,CZE
LBY,EGY
LBY,GNQ
LBY,FRA
LBY,DEU
LBY,GHA
LBY,GRC
LBY,GIN
LBY,HUN
LBY,IND
LBY,IDN
LBY,IRN
LBY,ITA
LBY,JPN
LBY,KOR
LBY,KWT
LBY,LBN
LBY,LSO
LBY,MDG
LBY,MYS
LBY,MLI
LBY,MLT
LBY,MRT
LBY,MAR
LBY,NLD
LBY,NER
LBY,NGA
LBY,OMN
LBY,PAK
LBY,PHL
LBY,POL
LBY,PRT
LBY,QAT
LBY,RUS
LBY,RWA
LBY,SAU
LBY,SEN
LBY,SLE
LBY,SVK
LBY,ESP
LBY,CHE
LBY,TGO
LBY,TUN
LBY,TUR
LBY,UGA
LBY,UKR
LBY,GBR
LBY,USA
LBY,VNM
LBY,YEM
LTU,ARM
LTU,AUT
LTU,AZE
LTU,BLR
LTU,BEL
LTU,BGR
LTU,CHN
LTU,CZE
LTU,DNK
LTU,EST
LTU,FIN
LTU,FRA
LTU,GEO
LTU,DEU
LTU,GRC
LTU,HUN
LTU,IRL
LTU,ITA
LTU,JPN
LTU,KAZ
LTU,LVA
LTU,MDA
LTU,NLD
LTU,NOR
LTU,POL
LTU,PRT
LTU,RUS
LTU,ESP
LTU,SWE
LTU,TUR
LTU,UKR
LTU,GBR
LTU,USA
LUX,AUT
LUX,BEL
LUX,CHN
LUX,CZE
LUX,DNK
LUX,FIN
LUX,FRA
LUX,DEU
LUX,GRC
LUX,IRL
LUX,ITA
LUX,JPN
LUX,NLD
LUX,POL
LUX,PRT
LUX,RUS
LUX,ESP
LUX,CHE
LUX,TUR
LUX,GBR
LUX,USA
MKD,ALB
MKD,AUT
MKD,BIH
MKD,BGR
MKD,CHN
MKD,HRV
MKD,CZE
MKD,FRA
MKD,DEU
MKD,HUN
MKD,IRN
MKD,ITA
MKD,NLD
MKD,POL
MKD,RUS
MKD,SVK
MKD,SVN
MKD,ESP
MKD,SWE
MKD,CHE
MKD,TUR
MKD,UKR
MKD,GBR
MKD,USA
MDG,CHN
MDG,COM
MDG,EGY
MDG,FRA
MDG,DEU
MDG,IND
MDG,IDN
MDG,IRN
MDG,JPN
MDG,LBY
MDG,MUS
MDG,MAR
MDG,NOR
MDG,RUS
MDG,ZAF
MDG,CHE
MDG,TUR
MDG,GBR
MDG,USA
MWI,CHN
MWI,EGY
MWI,DEU
MWI,IRL
MWI,JPN
MWI,MOZ
MWI,NGA
MWI,ZAF
MWI,TZA
MWI,GBR
MWI,USA
MWI,ZMB
MWI,ZWE
MYS,AFG
MYS,ALB
MYS,DZA
MYS,ARG
MYS,AUS
MYS,AUT
MYS,AZE
MYS,BGD
MYS,BEL
MYS,BIH
MYS,BRA
MYS,BRN
MYS,KHM
MYS,CAN
MYS,CHL
MYS,CHN
MYS,COL
MYS,HRV
MYS,CZE
MYS,DNK
MYS,ECU
MYS,EGY
MYS,FJI
MYS,FIN
MYS,FRA
MYS,DEU
MYS,GHA
MYS,GIN
MYS,IND
MYS,IDN
MYS,IRN
MYS,IRQ
MYS,IRL
MYS,ITA
MYS,JPN
MYS,JOR
MYS,KAZ
MYS,KEN
MYS,KOR
MYS,KWT
MYS,KGZ
MYS,LAO
MYS,LBN
MYS,LBY
MYS,MDV
MYS,MUS
MYS,MEX
MYS,MAR
MYS,MMR
MYS,NAM
MYS,NPL
MYS,NLD
MYS,NZL
MYS,NGA
MYS,NOR
MYS,OMN
MYS,PAK
MYS,PNG
MYS,PER
MYS,PHL
MYS,POL
MYS,QAT
MYS,RUS
MYS,SAU
MYS,SEN
MYS,SGP
MYS,SVK
MYS,ZAF
MYS,ESP
MYS,LKA
MYS,SWZ
MYS,CHE
MYS,THA
MYS,TUR
MYS,UKR
MYS,ARE
MYS,GBR
MYS,USA
MYS,URY
MYS,UZB
MYS,VNM
MYS,YEM
MYS,ZMB
MYS,ZWE
MDV,BGD
MDV,CHN
MDV,IND
MDV,PAK
MDV,LKA
MLI,DZA
MLI,BRA
MLI,BFA
MLI,CAN
MLI,CHN
MLI,CIV
MLI,DNK
MLI,EGY
MLI,FRA
MLI,DEU
MLI,GHA
MLI,GIN
MLI,IND
MLI,IRN
MLI,JPN
MLI,LBY
MLI,MRT
MLI,MAR
MLI,NLD
MLI,NGA
MLI,RUS
MLI,SAU
MLI,SEN
MLI,ZAF
MLI,ESP
MLI,TUN
MLI,TUR
MLI,USA
MLT,AUS
MLT,AUT
MLT,BEL
MLT,CHN
MLT,EGY
MLT,FRA
MLT,DEU
MLT,GRC
MLT,IRL
MLT,ITA
MLT,KWT
MLT,LBY
MLT,NLD
MLT,RUS
MLT,ESP
MLT,TUN
MLT,TUR
MLT,GBR
MLT,USA
MRT,DZA
MRT,CHN
MRT,COG
MRT,EGY
MRT,FRA
MRT,DEU
MRT,IRQ
MRT,JPN
MRT,KWT
MRT,LBY
MRT,MLI
MRT,MAR
MRT,NGA
MRT,QAT
MRT,RUS
MRT,SAU
MRT,SEN
MRT,ZAF
MRT,ESP
MRT,TUN
MRT,ARE
MRT,USA
MRT,YEM
MUS,AUS
MUS,CHN
MUS,EGY
MUS,FRA
MUS,IND
MUS,MDG
MUS,PAK
MUS,RUS
MUS,ZAF
MUS,GBR
MUS,USA
MEX,DZA
MEX,AGO
MEX,ARG
MEX,AUS
MEX,AUT
MEX,AZE
MEX,BEL
MEX,BOL
MEX,BRA
MEX,BGR
MEX,CAN
MEX,CHL
MEX,CHN
MEX,COL
MEX,CRI
MEX,CYP
MEX,CZE
MEX,CIV
MEX,DNK
MEX,DOM
MEX,ECU
MEX,EGY
MEX,SLV
MEX,FIN
MEX,FRA
MEX,GEO
MEX,DEU
MEX,GRC
MEX,GTM
MEX,HTI
MEX,HND
MEX,HUN
MEX,IND
MEX,IDN
MEX,IRN
MEX,IRQ
MEX,IRL
MEX,ISR
MEX,ITA
MEX,JAM
MEX,JPN
MEX,KOR
MEX,KWT
MEX,LBN
MEX,LBY
MEX,MYS
MEX,MAR
MEX,NLD
MEX,NZL
MEX,NIC
MEX,NGA
MEX,NOR
MEX,PAK
MEX,PAN
MEX,PRY
MEX,PER
MEX,PHL
MEX,POL
MEX,PRT
MEX,RUS
MEX,SAU
MEX,SVK
MEX,ZAF
MEX,ESP
MEX,SWE
MEX,CHE
MEX,THA
MEX,TUR
MEX,UKR
MEX,ARE
MEX,GBR
MEX,USA
MEX,URY
MEX,VNM
MDA,AZE
MDA,BLR
MDA,BGR
MDA,CHN
MDA,CZE
MDA,FRA
MDA,DEU
MDA,HUN
MDA,ISR
MDA,LTU
MDA,POL
MDA,RUS
MDA,SWE
MDA,TUR
MDA,UKR
MDA,GBR
MDA,USA
MNG,BGR
MNG,CAN
MNG,CHN
MNG,CZE
MNG,FRA
MNG,DEU
MNG,IND
MNG,JPN
MNG,KAZ
MNG,KOR
MNG,KWT
MNG,LAO
MNG,RUS
MNG,TUR
MNG,GBR
MNG,USA
MNG,VNM
MAR,DZA
MAR,AGO
MAR,ARG
MAR,AUT
MAR,AZE
MAR,BHR
MAR,BGD
MAR,BEL
MAR,BEN
MAR,BRA
MAR,BGR
MAR,BFA
MAR,CMR
MAR,CAN
MAR,CAF
MAR,CHL
MAR,CHN
MAR,COG
MAR,COG
MAR,HRV
MAR,CZE
MAR,CIV
MAR,DNK
MAR,DOM
MAR,EGY
MAR,GNQ
MAR,FIN
MAR,FRA
MAR,GAB
MAR,GMB
MAR,DEU
MAR,GHA
MAR,GRC
MAR,GIN
MAR,HUN
MAR,IND
MAR,IDN
MAR,IRN
MAR,IRQ
MAR,ITA
MAR,JPN
MAR,JOR
MAR,KOR
MAR,KWT
MAR,LBN
MAR,LBR
MAR,LBY
MAR,MYS
MAR,MLI
MAR,MRT
MAR,MEX
MAR,NLD
MAR,NER
MAR,NGA
MAR,NOR
MAR,OMN
MAR,PAK
MAR,PER
MAR,POL
MAR,PRT
MAR,QAT
MAR,RUS
MAR,SAU
MAR,SEN
MAR,ZAF
MAR,ESP
MAR,SWE
MAR,CHE
MAR,THA
MAR,TUN
MAR,TUR
MAR,UKR
MAR,ARE
MAR,GBR
MAR,USA
MAR,YEM
MOZ,DZA
MOZ,AGO
MOZ,BRA
MOZ,CAN
MOZ,CHN
MOZ,COG
MOZ,COG
MOZ,DNK
MOZ,EGY
MOZ,FIN
MOZ,FRA
MOZ,DEU
MOZ,ISL
MOZ,IND
MOZ,IRL
MOZ,ITA
MOZ,JPN
MOZ,MWI
MOZ,MUS
MOZ,NLD
MOZ,NGA
MOZ,NOR
MOZ,PRT
MOZ,RUS
MOZ,ZAF
MOZ,ESP
MOZ,SWZ
MOZ,SWE
MOZ,CHE
MOZ,TZA
MOZ,GBR
MOZ,USA
MOZ,ZMB
MOZ,ZWE
MMR,AUS
MMR,BGD
MMR,BRA
MMR,BRN
MMR,KHM
MMR,CAN
MMR,CHN
MMR,DNK
MMR,EGY
MMR,FRA
MMR,DEU
MMR,IND
MMR,IDN
MMR,ISR
MMR,ITA
MMR,JPN
MMR,KOR
MMR,LAO
MMR,MYS
MMR,NPL
MMR,NOR
MMR,PAK
MMR,PHL
MMR,RUS
MMR,SAU
MMR,SGP
MMR,LKA
MMR,CHE
MMR,THA
MMR,TUR
MMR,GBR
MMR,USA
MMR,VNM
NAM,DZA
NAM,AGO
NAM,BWA
NAM,BRA
NAM,CHN
NAM,COG
NAM,COG
NAM,EGY
NAM,FIN
NAM,FRA
NAM,DEU
NAM,GHA
NAM,IND
NAM,IDN
NAM,KEN
NAM,LBY
NAM,MYS
NAM,NGA
NAM,PRT
NAM,RUS
NAM,ZAF
NAM,ESP
NAM,TUR
NAM,GBR
NAM,USA
NAM,ZMB
NAM,ZWE
NPL,AUS
NPL,BGD
NPL,BRA
NPL,CHN
NPL,DNK
NPL,EGY
NPL,FIN
NPL,FRA
NPL,DEU
NPL,IND
NPL,ISR
NPL,JPN
NPL,KOR
NPL,MYS
NPL,MMR
NPL,NOR
NPL,PAK
NPL,RUS
NPL,SAU
NPL,LKA
NPL,CHE
NPL,THA
NPL,GBR
NPL,USA
NLD,AFG
NLD,ALB
NLD,DZA
NLD,ARG
NLD,ARM
NLD,AUS
NLD,AUT
NLD,AZE
NLD,BGD
NLD,BLR
NLD,BEL
NLD,BOL
NLD,BIH
NLD,BRA
NLD,BGR
NLD,CMR
NLD,CAN
NLD,CHL
NLD,CHN
NLD,COL
NLD,COG
NLD,CRI
NLD,HRV
NLD,CYP
NLD,CZE
NLD,CIV
NLD,DNK
NLD,DOM
NLD,ECU
NLD,EGY
NLD,SLV
NLD,EST
NLD,FIN
NLD,FRA
NLD,GEO
NLD,DEU
NLD,GHA
NLD,GRC
NLD,GTM
NLD,HND
NLD,HUN
NLD,IND
NLD,IDN
NLD,IRN
NLD,IRQ
NLD,IRL
NLD,ISR
NLD,ITA
NLD,JPN
NLD,JOR
NLD,KAZ
NLD,KEN
NLD,KOR
NLD,KWT
NLD,LVA
NLD,LBN
NLD,LBY
NLD,LTU
NLD,LUX
NLD,MKD
NLD,MYS
NLD,MLT
NLD,MEX
NLD,MAR
NLD,NZL
NLD,NIC
NLD,NGA
NLD,NOR
NLD,OMN
NLD,PAK
NLD,PER
NLD,PHL
NLD,POL
NLD,PRT
NLD,QAT
NLD,RUS
NLD,RWA
NLD,SAU
NLD,SVK
NLD,SVN
NLD,ZAF
NLD,ESP
NLD,LKA
NLD,SUR
NLD,SWE
NLD,CHE
NLD,THA
NLD,TUN
NLD,TUR
NLD,UKR
NLD,ARE
NLD,GBR
NLD,USA
NLD,URY
NLD,VNM
NLD,YEM
NZL,ARG
NZL,AUS
NZL,BRA
NZL,CAN
NZL,CHL
NZL,CHN
NZL,FJI
NZL,FRA
NZL,DEU
NZL,GRC
NZL,IND
NZL,IDN
NZL,IRN
NZL,ISR
NZL,ITA
NZL,JPN
NZL,KOR
NZL,MYS
NZL,MEX
NZL,NLD
NZL,PAK
NZL,PNG
NZL,PHL
NZL,POL
NZL,RUS
NZL,WSM
NZL,SGP
NZL,ZAF
NZL,ESP
NZL,CHE
NZL,THA
NZL,TUR
NZL,GBR
NZL,USA
NZL,VNM
NIC,ARG
NIC,BRA
NIC,CHL
NIC,COL
NIC,CRI
NIC,DOM
NIC,ECU
NIC,SLV
NIC,FIN
NIC,FRA
NIC,DEU
NIC,GTM
NIC,HND
NIC,IRN
NIC,ITA
NIC,JPN
NIC,KOR
NIC,LBY
NIC,LUX
NIC,MEX
NIC,NLD
NIC,PAN
NIC,PER
NIC,RUS
NIC,ESP
NIC,USA
NER,DZA
NER,BEN
NER,TCD
NER,CHN
NER,EGY
NER,FRA
NER,DEU
NER,IND
NER,IRN
NER,LBY
NER,MAR
NER,NGA
NER,PAK
NER,SAU
NER,ESP
NER,USA
NGA,DZA
NGA,AGO
NGA,ARG
NGA,AUS
NGA,AUT
NGA,BLR
NGA,BEL
NGA,BEN
NGA,BRA
NGA,BGR
NGA,BFA
NGA,CMR
NGA,CAN
NGA,TCD
NGA,CHN
NGA,COG
NGA,CZE
NGA,CIV
NGA,EGY
NGA,GNQ
NGA,ETH
NGA,FIN
NGA,FRA
NGA,GAB
NGA,GMB
NGA,DEU
NGA,GHA
NGA,GRC
NGA,GIN
NGA,HUN
NGA,IND
NGA,IDN
NGA,IRN
NGA,IRL
NGA,ISR
NGA,ITA
NGA,JAM
NGA,JPN
NGA,KEN
NGA,KOR
NGA,LBR
NGA,LBY
NGA,MYS
NGA,MRT
NGA,MEX
NGA,MAR
NGA,NAM
NGA,NLD
NGA,NER
NGA,NOR
NGA,PAK
NGA,PHL
NGA,POL
NGA,PRT
NGA,RUS
NGA,RWA
NGA,SAU
NGA,SEN
NGA,SLE
NGA,SVK
NGA,ZAF
NGA,ESP
NGA,SWE
NGA,CHE
NGA,TZA
NGA,THA
NGA,TGO
NGA,TTO
NGA,TUR
NGA,UKR
NGA,GBR
NGA,USA
NGA,ZMB
NGA,ZWE
NOR,AFG
NOR,DZA
NOR,ARG
NOR,AUT
NOR,BEL
NOR,BIH
NOR,BRA
NOR,BGR
NOR,BDI
NOR,CAN
NOR,CHL
NOR,CHN
NOR,COL
NOR,CRI
NOR,HRV
NOR,CZE
NOR,DNK
NOR,EGY
NOR,EST
NOR,FIN
NOR,FRA
NOR,GEO
NOR,DEU
NOR,GRC
NOR,GTM
NOR,HUN
NOR,ISL
NOR,IND
NOR,IDN
NOR,IRN
NOR,IRQ
NOR,IRL
NOR,ISR
NOR,ITA
NOR,JPN
NOR,KAZ
NOR,KOR
NOR,LVA
NOR,LTU
NOR,MKD
NOR,MAR
NOR,NLD
NOR,PAK
NOR,PHL
NOR,POL
NOR,PRT
NOR,RUS
NOR,SAU
NOR,SVK
NOR,ZAF
NOR,ESP
NOR,LKA
NOR,SWE
NOR,CHE
NOR,THA
NOR,TUN
NOR,TUR
NOR,UKR
NOR,GBR
NOR,USA
NOR,VNM
OMN,DZA
OMN,BHR
OMN,BGD
OMN,BRA
OMN,BRN
OMN,CHN
OMN,EGY
OMN,FRA
OMN,DEU
OMN,IND
OMN,IRN
OMN,IRQ
OMN,ITA
OMN,JPN
OMN,JOR
OMN,KEN
OMN,KOR
OMN,KWT
OMN,LBN
OMN,MYS
OMN,MAR
OMN,NLD
OMN,PAK
OMN,PHL
OMN,QAT
OMN,RUS
OMN,SAU
OMN,SEN
OMN,ZAF
OMN,ESP
OMN,LKA
OMN,THA
OMN,TUN
OMN,TUR
OMN,ARE
OMN,GBR
OMN,USA
OMN,YEM
PAK,AFG
PAK,DZA
PAK,ARG
PAK,AUS
PAK,AUT
PAK,AZE
PAK,BHR
PAK,BGD
PAK,BEL
PAK,BIH
PAK,BRA
PAK,BRN
PAK,BGR
PAK,CAN
PAK,CHN
PAK,CZE
PAK,DNK
PAK,EGY
PAK,FRA
PAK,DEU
PAK,GRC
PAK,HUN
PAK,IND
PAK,IDN
PAK,IRN
PAK,IRQ
PAK,ITA
PAK,JPN
PAK,JOR
PAK,KAZ
PAK,KEN
PAK,KOR
PAK,KWT
PAK,KGZ
PAK,LBN
PAK,LBY
PAK,MYS
PAK,MDV
PAK,MUS
PAK,MAR
PAK,MMR
PAK,NPL
PAK,NLD
PAK,NGA
PAK,NOR
PAK,OMN
PAK,PHL
PAK,POL
PAK,PRT
PAK,QAT
PAK,RUS
PAK,SAU
PAK,ZAF
PAK,ESP
PAK,LKA
PAK,SWE
PAK,CHE
PAK,TJK
PAK,THA
PAK,TUN
PAK,TUR
PAK,TKM
PAK,UKR
PAK,ARE
PAK,GBR
PAK,USA
PAK,UZB
PAK,VNM
PAK,YEM
PLW,JPN
PLW,USA
PAN,ARG
PAN,BOL
PAN,BRA
PAN,CAN
PAN,CHL
PAN,COL
PAN,CRI
PAN,DOM
PAN,ECU
PAN,EGY
PAN,SLV
PAN,FRA
PAN,DEU
PAN,GTM
PAN,HTI
PAN,HND
PAN,IND
PAN,IDN
PAN,ISR
PAN,ITA
PAN,JPN
PAN,KOR
PAN,LBY
PAN,MEX
PAN,NLD
PAN,NIC
PAN,PRY
PAN,PER
PAN,RUS
PAN,ESP
PAN,GBR
PAN,USA
PAN,URY
PAN,VNM
PNG,AUS
PNG,CHN
PNG,FJI
PNG,FRA
PNG,IND
PNG,IDN
PNG,JPN
PNG,KOR
PNG,MYS
PNG,NZL
PNG,PHL
PNG,GBR
PNG,USA
PRY,ARG
PRY,BOL
PRY,BRA
PRY,CHL
PRY,COL
PRY,DOM
PRY,ECU
PRY,FRA
PRY,DEU
PRY,ITA
PRY,JPN
PRY,KOR
PRY,LBN
PRY,MEX
PRY,PAN
PRY,PER
PRY,RUS
PRY,ESP
PRY,CHE
PRY,USA
PRY,URY
PER,DZA
PER,ARG
PER,AUS
PER,AUT
PER,BEL
PER,BOL
PER,BRA
PER,CAN
PER,CHL
PER,CHN
PER,COL
PER,CRI
PER,CZE
PER,DOM
PER,ECU
PER,EGY
PER,SLV
PER,FIN
PER,FRA
PER,DEU
PER,GRC
PER,GTM
PER,HND
PER,IND
PER,IDN
PER,ISR
PER,ITA
PER,JPN
PER,KOR
PER,MYS
PER,MEX
PER,MAR
PER,NLD
PER,NIC
PER,PAN
PER,PRY
PER,POL
PER,PRT
PER,QAT
PER,RUS
PER,ZAF
PER,ESP
PER,CHE
PER,THA
PER,TUR
PER,UKR
PER,GBR
PER,USA
PER,URY
PHL,ARG
PHL,AUS
PHL,AUT
PHL,BGD
PHL,BEL
PHL,BRA
PHL,BRN
PHL,KHM
PHL,CAN
PHL,CHL
PHL,CHN
PHL,CZE
PHL,EGY
PHL,FRA
PHL,DEU
PHL,GRC
PHL,IND
PHL,IDN
PHL,IRN
PHL,ISR
PHL,ITA
PHL,JPN
PHL,KOR
PHL,KWT
PHL,LAO
PHL,LBY
PHL,MYS
PHL,MEX
PHL,MMR
PHL,NLD
PHL,NZL
PHL,NGA
PHL,NOR
PHL,PAK
PHL,PLW
PHL,PAN
PHL,PNG
PHL,QAT
PHL,RUS
PHL,SAU
PHL,SGP
PHL,ZAF
PHL,ESP
PHL,LKA
PHL,CHE
PHL,THA
PHL,TUR
PHL,ARE
PHL,GBR
PHL,USA
PHL,VNM
POL,AFG
POL,ALB
POL,DZA
POL,AGO
POL,ARG
POL,ARM
POL,AUS
POL,AUT
POL,AZE
POL,BLR
POL,BEL
POL,BIH
POL,BRA
POL,BGR
POL,CAN
POL,CHL
POL,CHN
POL,COL
POL,HRV
POL,CYP
POL,CZE
POL,DNK
POL,ECU
POL,EGY
POL,EST
POL,FIN
POL,FRA
POL,GEO
POL,DEU
POL,GRC
POL,HUN
POL,IND
POL,IDN
POL,IRN
POL,IRQ
POL,IRL
POL,ISR
POL,ITA
POL,JPN
POL,KAZ
POL,KOR
POL,KWT
POL,LVA
POL,LBN
POL,LTU
POL,LUX
POL,MKD
POL,MYS
POL,MLT
POL,MEX
POL,MDA
POL,MNG
POL,MAR
POL,NLD
POL,NZL
POL,NGA
POL,NOR
POL,PAK
POL,PAN
POL,PER
POL,PHL
POL,PRT
POL,QAT
POL,RUS
POL,SAU
POL,SVK
POL,SVN
POL,ZAF
POL,ESP
POL,LKA
POL,SWE
POL,CHE
POL,THA
POL,TUN
POL,TUR
POL,UKR
POL,GBR
POL,USA
POL,URY
POL,UZB
POL,VNM
POL,YEM
PRT,DZA
PRT,AGO
PRT,ARG
PRT,AUS
PRT,AUT
PRT,BEL
PRT,BRA
PRT,BGR
PRT,CAN
PRT,CHL
PRT,CHN
PRT,COL
PRT,COG
PRT,HRV
PRT,CYP
PRT,CZE
PRT,DNK
PRT,DOM
PRT,EGY
PRT,EST
PRT,FIN
PRT,FRA
PRT,DEU
PRT,GRC
PRT,GNB
PRT,HUN
PRT,IND
PRT,IDN
PRT,IRN
PRT,IRQ
PRT,IRL
PRT,ISR
PRT,ITA
PRT,JPN
PRT,KOR
PRT,LVA
PRT,LBY
PRT,LTU
PRT,LUX
PRT,MLT
PRT,MEX
PRT,MDA
PRT,MAR
PRT,MOZ
PRT,NLD
PRT,NGA
PRT,NOR
PRT,PAK
PRT,PAN
PRT,PRY
PRT,PER
PRT,POL
PRT,RUS
PRT,STP
PRT,SAU
PRT,SEN
PRT,SVK
PRT,ZAF
PRT,ESP
PRT,SWE
PRT,CHE
PRT,THA
PRT,TUN
PRT,TUR
PRT,UKR
PRT,GBR
PRT,USA
PRT,URY
QAT,AFG
QAT,ALB
QAT,DZA
QAT,AZE
QAT,BHR
QAT,BGD
QAT,BEL
QAT,BEN
QAT,BIH
QAT,BRA
QAT,BRN
QAT,CHN
QAT,CYP
QAT,DOM
QAT,EGY
QAT,SLV
QAT,FRA
QAT,GMB
QAT,DEU
QAT,HUN
QAT,IND
QAT,IDN
QAT,IRN
QAT,IRQ
QAT,ITA
QAT,JPN
QAT,JOR
QAT,KAZ
QAT,KEN
QAT,KOR
QAT,KWT
QAT,LBN
QAT,LBY
QAT,MKD
QAT,MYS
QAT,MRT
QAT,MAR
QAT,NPL
QAT,NLD
QAT,OMN
QAT,PAK
QAT,PHL
QAT,POL
QAT,RUS
QAT,SAU
QAT,SEN
QAT,SGP
QAT,ZAF
QAT,ESP
QAT,LKA
QAT,THA
QAT,TUN
QAT,TUR
QAT,ARE
QAT,GBR
QAT,USA
QAT,URY
QAT,YEM
RUS,AFG
RUS,ALB
RUS,DZA
RUS,AGO
RUS,ARG
RUS,ARM
RUS,AUS
RUS,AUT
RUS,AZE
RUS,BHR
RUS,BGD
RUS,BLR
RUS,BEL
RUS,BEN
RUS,BOL
RUS,BIH
RUS,BRA
RUS,BRN
RUS,BGR
RUS,BDI
RUS,KHM
RUS,CMR
RUS,CAN
RUS,CAF
RUS,TCD
RUS,CHL
RUS,CHN
RUS,COL
RUS,COG
RUS,COG
RUS,CRI
RUS,HRV
RUS,CYP
RUS,CZE
RUS,CIV
RUS,DNK
RUS,DOM
RUS,ECU
RUS,EGY
RUS,SLV
RUS,GNQ
RUS,EST
RUS,ETH
RUS,FIN
RUS,FRA
RUS,GAB
RUS,GMB
RUS,DEU
RUS,GHA
RUS,GRC
RUS,GTM
RUS,GIN
RUS,GNB
RUS,HUN
RUS,ISL
RUS,IND
RUS,IDN
RUS,IRN
RUS,IRQ
RUS,IRL
RUS,ISR
RUS,ITA
RUS,JPN
RUS,JOR
RUS,KAZ
RUS,KEN
RUS,KOR
RUS,KWT
RUS,KGZ
RUS,LAO
RUS,LVA
RUS,LBN
RUS,LBY
RUS,LTU
RUS,LUX
RUS,MKD
RUS,MDG
RUS,MYS
RUS,MLI
RUS,MLT
RUS,MRT
RUS,MUS
RUS,MEX
RUS,MDA
RUS,MNG
RUS,MAR
RUS,MOZ
RUS,MMR
RUS,NAM
RUS,NPL
RUS,NLD
RUS,NZL
RUS,NIC
RUS,NGA
RUS,NOR
RUS,OMN
RUS,PAK
RUS,PAN
RUS,PRY
RUS,PER
RUS,PHL
RUS,POL
RUS,PRT
RUS,QAT
RUS,SAU
RUS,SEN
RUS,SLE
RUS,SGP
RUS,SVK
RUS,SVN
RUS,ZAF
RUS,ESP
RUS,LKA
RUS,SWZ
RUS,SWE
RUS,CHE
RUS,TJK
RUS,TZA
RUS,THA
RUS,TUN
RUS,TUR
RUS,TKM
RUS,UGA
RUS,UKR
RUS,ARE
RUS,GBR
RUS,USA
RUS,URY
RUS,UZB
RUS,VNM
RUS,YEM
RUS,ZMB
RUS,ZWE
RWA,BEL
RWA,BDI
RWA,CHN
RWA,COG
RWA,EGY
RWA,FRA
RWA,DEU
RWA,JPN
RWA,KEN
RWA,LBY
RWA,NLD
RWA,NGA
RWA,RUS
RWA,ZAF
RWA,SWE
RWA,UGA
RWA,GBR
RWA,USA
KNA,BRA
LCA,BRA
LCA,FRA
LCA,MEX
LCA,GBR
WSM,AUS
WSM,CHN
WSM,NZL
WSM,USA
STP,AGO
STP,BRA
STP,GNQ
STP,GAB
STP,NGA
STP,PRT
STP,ZAF
SAU,AFG
SAU,ALB
SAU,DZA
SAU,ARG
SAU,AUS
SAU,AUT
SAU,AZE
SAU,BHR
SAU,BGD
SAU,BEL
SAU,BIH
SAU,BRA
SAU,BRN
SAU,BFA
SAU,CMR
SAU,CAN
SAU,TCD
SAU,CHN
SAU,COM
SAU,CIV
SAU,DNK
SAU,EGY
SAU,ETH
SAU,FIN
SAU,FRA
SAU,GAB
SAU,GMB
SAU,DEU
SAU,GHA
SAU,GRC
SAU,GIN
SAU,HUN
SAU,IND
SAU,IDN
SAU,IRN
SAU,IRQ
SAU,IRL
SAU,ITA
SAU,JPN
SAU,JOR
SAU,KAZ
SAU,KEN
SAU,KOR
SAU,KWT
SAU,KGZ
SAU,LBN
SAU,LBY
SAU,MYS
SAU,MDV
SAU,MLI
SAU,MLT
SAU,MRT
SAU,MEX
SAU,MAR
SAU,MMR
SAU,NPL
SAU,NLD
SAU,NZL
SAU,NER
SAU,NGA
SAU,NOR
SAU,OMN
SAU,PAK
SAU,PER
SAU,PHL
SAU,POL
SAU,PRT
SAU,QAT
SAU,RUS
SAU,RWA
SAU,SEN
SAU,SLE
SAU,SGP
SAU,ZAF
SAU,ESP
SAU,LKA
SAU,SWE
SAU,CHE
SAU,TJK
SAU,TZA
SAU,THA
SAU,TUN
SAU,TUR
SAU,TKM
SAU,UGA
SAU,UKR
SAU,ARE
SAU,GBR
SAU,USA
SAU,URY
SAU,UZB
SAU,YEM
SEN,DZA
SEN,AUT
SEN,BEL
SEN,BRA
SEN,BFA
SEN,CMR
SEN,CAN
SEN,CHN
SEN,COG
SEN,COG
SEN,CIV
SEN,EGY
SEN,ETH
SEN,FRA
SEN,GAB
SEN,GMB
SEN,DEU
SEN,GHA
SEN,GIN
SEN,GNB
SEN,IND
SEN,IDN
SEN,IRN
SEN,IRQ
SEN,ISR
SEN,ITA
SEN,JPN
SEN,KOR
SEN,KWT
SEN,LBN
SEN,LBR
SEN,LBY
SEN,MDG
SEN,MYS
SEN,MLI
SEN,MRT
SEN,MAR
SEN,NLD
SEN,NER
SEN,NGA
SEN,OMN
SEN,PAK
SEN,PRT
SEN,QAT
SEN,RUS
SEN,RWA
SEN,SAU
SEN,SLE
SEN,ZAF
SEN,ESP
SEN,CHE
SEN,THA
SEN,TUN
SEN,TUR
SEN,ARE
SEN,GBR
SEN,USA
SEN,ZWE
SYC,CHN
SYC,FRA
SYC,IND
SYC,RUS
SYC,GBR
SLE,CHN
SLE,EGY
SLE,GMB
SLE,GHA
SLE,GIN
SLE,LBN
SLE,LBR
SLE,LBY
SLE,NGA
SLE,GBR
SLE,USA
SGP,AGO
SGP,AUS
SGP,BGD
SGP,BEL
SGP,BRA
SGP,BRN
SGP,KHM
SGP,CAN
SGP,CHL
SGP,CHN
SGP,CRI
SGP,DNK
SGP,EGY
SGP,FIN
SGP,FRA
SGP,DEU
SGP,HUN
SGP,IND
SGP,IDN
SGP,IRL
SGP,ISR
SGP,ITA
SGP,JPN
SGP,KAZ
SGP,KOR
SGP,KWT
SGP,LAO
SGP,MYS
SGP,MDV
SGP,MEX
SGP,MNG
SGP,MMR
SGP,NLD
SGP,NZL
SGP,NGA
SGP,NOR
SGP,PAK
SGP,PAN
SGP,PER
SGP,PHL
SGP,POL
SGP,QAT
SGP,RUS
SGP,RWA
SGP,SAU
SGP,ZAF
SGP,ESP
SGP,LKA
SGP,SWE
SGP,CHE
SGP,THA
SGP,TUR
SGP,UKR
SGP,ARE
SGP,GBR
SGP,USA
SGP,UZB
SGP,VNM
SVK,ALB
SVK,AGO
SVK,AUT
SVK,BLR
SVK,BEL
SVK,BRA
SVK,BGR
SVK,CHN
SVK,HRV
SVK,CYP
SVK,CZE
SVK,DNK
SVK,EGY
SVK,FIN
SVK,FRA
SVK,GEO
SVK,DEU
SVK,GRC
SVK,HUN
SVK,IND
SVK,IDN
SVK,IRQ
SVK,IRL
SVK,ISR
SVK,ITA
SVK,JPN
SVK,KOR
SVK,KWT
SVK,LBY
SVK,NLD
SVK,NOR
SVK,POL
SVK,PRT
SVK,RUS
SVK,SVN
SVK,ESP
SVK,CHE
SVK,TUR
SVK,UKR
SVK,GBR
SVK,USA
SVN,ALB
SVN,AUT
SVN,AZE
SVN,BEL
SVN,BIH
SVN,BRA
SVN,BGR
SVN,CHN
SVN,HRV
SVN,CYP
SVN,CZE
SVN,DNK
SVN,EGY
SVN,FIN
SVN,FRA
SVN,GEO
SVN,DEU
SVN,GRC
SVN,HUN
SVN,IND
SVN,IRN
SVN,IRL
SVN,ITA
SVN,JPN
SVN,LVA
SVN,LTU
SVN,MKD
SVN,NLD
SVN,POL
SVN,PRT
SVN,RUS
SVN,SVK
SVN,ESP
SVN,CHE
SVN,TUR
SVN,UKR
SVN,GBR
SVN,USA
ZAF,DZA
ZAF,AGO
ZAF,ARG
ZAF,AUS
ZAF,AUT
ZAF,AZE
ZAF,BGD
ZAF,BLR
ZAF,BEL
ZAF,BEN
ZAF,BWA
ZAF,BRA
ZAF,BGR
ZAF,BDI
ZAF,CMR
ZAF,CAN
ZAF,CHL
ZAF,CHN
ZAF,COL
ZAF,COM
ZAF,COG
ZAF,COG
ZAF,HRV
ZAF,CYP
ZAF,CZE
ZAF,CIV
ZAF,DNK
ZAF,DOM
ZAF,ECU
ZAF,EGY
ZAF,GNQ
ZAF,ETH
ZAF,FJI
ZAF,FIN
ZAF,FRA
ZAF,GAB
ZAF,DEU
ZAF,GHA
ZAF,GRC
ZAF,GIN
ZAF,HTI
ZAF,HUN
ZAF,IND
ZAF,IDN
ZAF,IRN
ZAF,IRQ
ZAF,IRL
ZAF,ISR
ZAF,ITA
ZAF,JAM
ZAF,JPN
ZAF,JOR
ZAF,KEN
ZAF,KOR
ZAF,KWT
ZAF,LBN
ZAF,LSO
ZAF,LBR
ZAF,LBY
ZAF,MDG
ZAF,MWI
ZAF,MYS
ZAF,MLI
ZAF,MRT
ZAF,MUS
ZAF,MEX
ZAF,MAR
ZAF,MOZ
ZAF,MMR
ZAF,NAM
ZAF,NPL
ZAF,NLD
ZAF,NZL
ZAF,NGA
ZAF,NOR
ZAF,OMN
ZAF,PAK
ZAF,PAN
ZAF,PRY
ZAF,PER
ZAF,PHL
ZAF,POL
ZAF,PRT
ZAF,QAT
ZAF,RUS
ZAF,RWA
ZAF,SAU
ZAF,SEN
ZAF,SYC
ZAF,SGP
ZAF,SVK
ZAF,ESP
ZAF,LKA
ZAF,SUR
ZAF,SWZ
ZAF,SWE
ZAF,CHE
ZAF,TZA
ZAF,THA
ZAF,TTO
ZAF,TUN
ZAF,TUR
ZAF,UGA
ZAF,UKR
ZAF,ARE
ZAF,GBR
ZAF,USA
ZAF,URY
ZAF,VNM
ZAF,YEM
ZAF,ZMB
ZAF,ZWE
ESP,AFG
ESP,ALB
ESP,DZA
ESP,AGO
ESP,ARG
ESP,ARM
ESP,AUS
ESP,AUT
ESP,AZE
ESP,BGD
ESP,BEL
ESP,BOL
ESP,BIH
ESP,BRA
ESP,BGR
ESP,CMR
ESP,CAN
ESP,CHL
ESP,CHN
ESP,COL
ESP,COG
ESP,CRI
ESP,HRV
ESP,CYP
ESP,CZE
ESP,CIV
ESP,DNK
ESP,DOM
ESP,ECU
ESP,EGY
ESP,SLV
ESP,GNQ
ESP,EST
ESP,FIN
ESP,FRA
ESP,GAB
ESP,GEO
ESP,DEU
ESP,GHA
ESP,GRC
ESP,GTM
ESP,HTI
ESP,HND
ESP,HUN
ESP,IND
ESP,IDN
ESP,IRN
ESP,IRQ
ESP,IRL
ESP,ISR
ESP,ITA
ESP,JPN
ESP,JOR
ESP,KAZ
ESP,KEN
ESP,KOR
ESP,KWT
ESP,LVA
ESP,LBN
ESP,LBY
ESP,LTU
ESP,LUX
ESP,MKD
ESP,MYS
ESP,MLI
ESP,MLT
ESP,MRT
ESP,MEX
ESP,MDA
ESP,MAR
ESP,MOZ
ESP,NLD
ESP,NZL
ESP,NIC
ESP,NGA
ESP,NOR
ESP,OMN
ESP,PAK
ESP,PAN
ESP,PRY
ESP,PER
ESP,PHL
ESP,POL
ESP,PRT
ESP,QAT
ESP,RUS
ESP,SAU
ESP,SEN
ESP,SVK
ESP,SVN
ESP,ZAF
ESP,SWE
ESP,CHE
ESP,THA
ESP,TUN
ESP,TUR
ESP,UKR
ESP,ARE
ESP,GBR
ESP,USA
ESP,URY
ESP,UZB
ESP,VNM
ESP,YEM
LKA,AUS
LKA,BGD
LKA,CAN
LKA,CHN
LKA,EGY
LKA,FRA
LKA,DEU
LKA,IND
LKA,IDN
LKA,IRN
LKA,IRQ
LKA,ITA
LKA,JPN
LKA,KOR
LKA,KWT
LKA,LBY
LKA,MYS
LKA,MDV
LKA,MMR
LKA,NPL
LKA,NLD
LKA,NOR
LKA,PAK
LKA,QAT
LKA,RUS
LKA,SAU
LKA,ZAF
LKA,CHE
LKA,THA
LKA,ARE
LKA,GBR
LKA,USA
VCT,BRA
SUR,BRA
SUR,CHN
SUR,FRA
SUR,GUY
SUR,IND
SUR,IDN
SUR,NLD
SUR,USA
SWZ,MOZ
SWZ,ZAF
SWZ,USA
SWE,ALB
SWE,DZA
SWE,AGO
SWE,ARG
SWE,AUS
SWE,AUT
SWE,AZE
SWE,BGD
SWE,BEL
SWE,BOL
SWE,BIH
SWE,BWA
SWE,BRA
SWE,BGR
SWE,CAN
SWE,CHL
SWE,CHN
SWE,COL
SWE,COG
SWE,COG
SWE,HRV
SWE,CYP
SWE,CZE
SWE,DNK
SWE,DOM
SWE,ECU
SWE,EGY
SWE,SLV
SWE,EST
SWE,FIN
SWE,FRA
SWE,GEO
SWE,DEU
SWE,GRC
SWE,GTM
SWE,HUN
SWE,ISL
SWE,IND
SWE,IDN
SWE,IRN
SWE,IRQ
SWE,IRL
SWE,ISR
SWE,ITA
SWE,JPN
SWE,KEN
SWE,KOR
SWE,KWT
SWE,LAO
SWE,LVA
SWE,LBN
SWE,LBY
SWE,LTU
SWE,MKD
SWE,MYS
SWE,MEX
SWE,MDA
SWE,MNG
SWE,MAR
SWE,MOZ
SWE,NAM
SWE,NLD
SWE,NIC
SWE,NGA
SWE,NOR
SWE,PAK
SWE,PAN
SWE,PRY
SWE,PER
SWE,POL
SWE,PRT
SWE,RUS
SWE,RWA
SWE,SAU
SWE,SVK
SWE,ZAF
SWE,ESP
SWE,LKA
SWE,CHE
SWE,TZA
SWE,THA
SWE,TUN
SWE,TUR
SWE,UKR
SWE,ARE
SWE,GBR
SWE,USA
SWE,URY
SWE,VNM
SWE,ZMB
SWE,ZWE
CHE,AFG
CHE,ALB
CHE,DZA
CHE,AGO
CHE,ARG
CHE,ARM
CHE,AUT
CHE,AZE
CHE,BGD
CHE,BLR
CHE,BEL
CHE,BEN
CHE,BTN
CHE,BIH
CHE,BWA
CHE,BRA
CHE,BGR
CHE,BFA
CHE,BDI
CHE,KHM
CHE,CMR
CHE,CAN
CHE,CAF
CHE,CHL
CHE,CHN
CHE,COL
CHE,COG
CHE,COG
CHE,CRI
CHE,HRV
CHE,CZE
CHE,CIV
CHE,DNK
CHE,DOM
CHE,ECU
CHE,EGY
CHE,ETH
CHE,FIN
CHE,FRA
CHE,GEO
CHE,DEU
CHE,GHA
CHE,GRC
CHE,HUN
CHE,IND
CHE,IDN
CHE,IRN
CHE,IRQ
CHE,IRL
CHE,ISR
CHE,ITA
CHE,JAM
CHE,JPN
CHE,JOR
CHE,KAZ
CHE,KOR
CHE,KWT
CHE,KGZ
CHE,LAO
CHE,LBN
CHE,LSO
CHE,LBY
CHE,LTU
CHE,LUX
CHE,MKD
CHE,MDG
CHE,MYS
CHE,MLI
CHE,MEX
CHE,MDA
CHE,MAR
CHE,NPL
CHE,NLD
CHE,NGA
CHE,NOR
CHE,PAK
CHE,PRY
CHE,PER
CHE,PHL
CHE,POL
CHE,PRT
CHE,RUS
CHE,RWA
CHE,SAU
CHE,SVK
CHE,SVN
CHE,ZAF
CHE,ESP
CHE,SWE
CHE,THA
CHE,TUN
CHE,TUR
CHE,TKM
CHE,UGA
CHE,UKR
CHE,ARE
CHE,GBR
CHE,USA
CHE,URY
CHE,VNM
TJK,AFG
TJK,AZE
TJK,CHN
TJK,FRA
TJK,DEU
TJK,IND
TJK,IRN
TJK,JPN
TJK,KAZ
TJK,KOR
TJK,KGZ
TJK,PAK
TJK,RUS
TJK,SAU
TJK,TUR
TJK,TKM
TJK,GBR
TJK,USA
TJK,UZB
TZA,DZA
TZA,AGO
TZA,BEL
TZA,BDI
TZA,CAN
TZA,CHN
TZA,COG
TZA,DNK
TZA,EGY
TZA,FIN
TZA,FRA
TZA,DEU
TZA,IDN
TZA,IRL
TZA,ITA
TZA,JPN
TZA,KEN
TZA,KOR
TZA,LBY
TZA,MWI
TZA,MOZ
TZA,NLD
TZA,NGA
TZA,NOR
TZA,RUS
TZA,RWA
TZA,ZAF
TZA,ESP
TZA,SWE
TZA,CHE
TZA,UGA
TZA,ARE
TZA,GBR
TZA,USA
TZA,YEM
TZA,ZMB
TZA,ZWE
THA,ARG
THA,AUS
THA,AUT
THA,BHR
THA,BGD
THA,BEL
THA,BTN
THA,BRA
THA,BRN
THA,BGR
THA,KHM
THA,CAN
THA,CHL
THA,CHN
THA,CZE
THA,DNK
THA,EGY
THA,FIN
THA,FRA
THA,DEU
THA,GRC
THA,HUN
THA,IND
THA,IDN
THA,IRN
THA,ISR
THA,ITA
THA,JPN
THA,KAZ
THA,KEN
THA,KOR
THA,KWT
THA,LAO
THA,LUX
THA,MYS
THA,MEX
THA,MNG
THA,MAR
THA,MMR
THA,NPL
THA,NLD
THA,NZL
THA,NGA
THA,NOR
THA,OMN
THA,PAK
THA,PAN
THA,PER
THA,PHL
THA,POL
THA,PRT
THA,QAT
THA,RUS
THA,SAU
THA,SGP
THA,SVK
THA,ZAF
THA,ESP
THA,LKA
THA,SWE
THA,CHE
THA,TUR
THA,UKR
THA,ARE
THA,GBR
THA,USA
THA,VNM
TGO,BRA
TGO,CHN
TGO,COG
TGO,EGY
TGO,FRA
TGO,GAB
TGO,DEU
TGO,GHA
TGO,LBY
TGO,NGA
TGO,USA
TON,AUS
TON,CHN
TON,JPN
TON,NZL
TTO,ARG
TTO,AUS
TTO,BRA
TTO,CAN
TTO,CHL
TTO,CHN
TTO,COL
TTO,CRI
TTO,DOM
TTO,SLV
TTO,FRA
TTO,DEU
TTO,GTM
TTO,IND
TTO,JAM
TTO,JPN
TTO,KOR
TTO,MEX
TTO,NLD
TTO,NGA
TTO,PAN
TTO,ZAF
TTO,ESP
TTO,SUR
TTO,GBR
TTO,USA
TUN,DZA
TUN,ARG
TUN,AUT
TUN,BHR
TUN,BEL
TUN,BRA
TUN,BGR
TUN,CAN
TUN,CHN
TUN,COG
TUN,CZE
TUN,CIV
TUN,EGY
TUN,FIN
TUN,FRA
TUN,DEU
TUN,GRC
TUN,HUN
TUN,IND
TUN,IDN
TUN,IRN
TUN,IRQ
TUN,ITA
TUN,JPN
TUN,JOR
TUN,KOR
TUN,KWT
TUN,LBN
TUN,LBY
TUN,MLI
TUN,MLT
TUN,MRT
TUN,MAR
TUN,NLD
TUN,PAK
TUN,POL
TUN,PRT
TUN,QAT
TUN,RUS
TUN,SAU
TUN,SEN
TUN,ZAF
TUN,ESP
TUN,CHE
TUN,TUR
TUN,UKR
TUN,ARE
TUN,GBR
TUN,USA
TUN,YEM
TUR,AFG
TUR,ALB
TUR,DZA
TUR,AGO
TUR,ARG
TUR,AUS
TUR,AUT
TUR,AZE
TUR,BHR
TUR,BGD
TUR,BLR
TUR,BEL
TUR,BIH
TUR,BRA
TUR,BGR
TUR,CAN
TUR,CHL
TUR,CHN
TUR,COL
TUR,COG
TUR,HRV
TUR,CZE
TUR,DNK
TUR,ECU
TUR,EGY
TUR,EST
TUR,ETH
TUR,FIN
TUR,FRA
TUR,GMB
TUR,GEO
TUR,DEU
TUR,GHA
TUR,GRC
TUR,HUN
TUR,IND
TUR,IDN
TUR,IRN
TUR,IRQ
TUR,IRL
TUR,ISR
TUR,ITA
TUR,JPN
TUR,JOR
TUR,KAZ
TUR,KEN
TUR,KOR
TUR,KWT
TUR,KGZ
TUR,LVA
TUR,LBN
TUR,LBY
TUR,LTU
TUR,LUX
TUR,MKD
TUR,MYS
TUR,MRT
TUR,MEX
TUR,MDA
TUR,MNG
TUR,MAR
TUR,NLD
TUR,NZL
TUR,NER
TUR,NGA
TUR,CYP
TUR,NOR
TUR,OMN
TUR,PAK
TUR,PER
TUR,PHL
TUR,POL
TUR,PRT
TUR,QAT
TUR,RUS
TUR,SAU
TUR,SEN
TUR,SGP
TUR,SVK
TUR,SVN
TUR,ZAF
TUR,ESP
TUR,LKA
TUR,SWE
TUR,CHE
TUR,TJK
TUR,THA
TUR,TUN
TUR,TKM
TUR,UGA
TUR,UKR
TUR,ARE
TUR,GBR
TUR,USA
TUR,UZB
TUR,VNM
TUR,YEM
TKM,AFG
TKM,ARM
TKM,AZE
TKM,BLR
TKM,CHN
TKM,FRA
TKM,GEO
TKM,DEU
TKM,IND
TKM,IRN
TKM,ISR
TKM,JPN
TKM,KAZ
TKM,KOR
TKM,KGZ
TKM,LBY
TKM,RUS
TKM,SAU
TKM,TJK
TKM,TUR
TKM,UKR
TKM,ARE
TKM,GBR
TKM,USA
TKM,UZB
UGA,DZA
UGA,BEL
UGA,CHN
UGA,COG
UGA,DNK
UGA,EGY
UGA,ETH
UGA,FRA
UGA,DEU
UGA,IND
UGA,IRN
UGA,IRL
UGA,ITA
UGA,JPN
UGA,KEN
UGA,LBY
UGA,NLD
UGA,NGA
UGA,NOR
UGA,RUS
UGA,RWA
UGA,SAU
UGA,ZAF
UGA,SWE
UGA,TZA
UGA,ARE
UGA,GBR
UGA,USA
UGA,ZMB
UKR,AFG
UKR,DZA
UKR,ARG
UKR,ARM
UKR,AUT
UKR,AZE
UKR,BLR
UKR,BEL
UKR,BRA
UKR,BGR
UKR,CAN
UKR,CHN
UKR,HRV
UKR,CZE
UKR,DNK
UKR,EGY
UKR,EST
UKR,FIN
UKR,FRA
UKR,GEO
UKR,DEU
UKR,GRC
UKR,HUN
UKR,IND
UKR,IDN
UKR,IRN
UKR,IRQ
UKR,ISR
UKR,ITA
UKR,JPN
UKR,KAZ
UKR,KOR
UKR,KWT
UKR,KGZ
UKR,LVA
UKR,LBN
UKR,LBY
UKR,LTU
UKR,MKD
UKR,MYS
UKR,MEX
UKR,MDA
UKR,MAR
UKR,NLD
UKR,NGA
UKR,NOR
UKR,PAK
UKR,POL
UKR,PRT
UKR,RUS
UKR,SVK
UKR,SVN
UKR,ZAF
UKR,ESP
UKR,SWE
UKR,CHE
UKR,TUR
UKR,TKM
UKR,GBR
UKR,USA
UKR,UZB
UKR,VNM
ARE,AFG
ARE,DZA
ARE,AGO
ARE,ARG
ARE,ARM
ARE,AUS
ARE,AUT
ARE,AZE
ARE,BHR
ARE,BGD
ARE,BLR
ARE,BEL
ARE,BIH
ARE,BRA
ARE,BRN
ARE,CAN
ARE,CHL
ARE,CHN
ARE,CYP
ARE,CZE
ARE,DNK
ARE,EGY
ARE,FJI
ARE,FIN
ARE,FRA
ARE,GMB
ARE,DEU
ARE,GRC
ARE,HUN
ARE,IND
ARE,IDN
ARE,IRN
ARE,IRQ
ARE,IRL
ARE,ITA
ARE,JPN
ARE,JOR
ARE,KAZ
ARE,KEN
ARE,KOR
ARE,KWT
ARE,LBN
ARE,LBY
ARE,MYS
ARE,MRT
ARE,MEX
ARE,MAR
ARE,NPL
ARE,NLD
ARE,NZL
ARE,NGA
ARE,NOR
ARE,OMN
ARE,PAK
ARE,PHL
ARE,POL
ARE,QAT
ARE,RUS
ARE,SAU
ARE,ZAF
ARE,ESP
ARE,LKA
ARE,SWE
ARE,CHE
ARE,THA
ARE,TUN
ARE,TUR
ARE,UGA
ARE,UKR
ARE,GBR
ARE,USA
ARE,YEM
GBR,AFG
GBR,ALB
GBR,DZA
GBR,AGO
GBR,ATG
GBR,ARG
GBR,ARM
GBR,AUS
GBR,AUT
GBR,AZE
GBR,BHS
GBR,BHR
GBR,BGD
GBR,BLR
GBR,BEL
GBR,BOL
GBR,BIH
GBR,BWA
GBR,BRA
GBR,BRN
GBR,BGR
GBR,BDI
GBR,KHM
GBR,CMR
GBR,CAN
GBR,CHL
GBR,CHN
GBR,COL
GBR,COG
GBR,CRI
GBR,HRV
GBR,CYP
GBR,CZE
GBR,CIV
GBR,DNK
GBR,DMA
GBR,DOM
GBR,ECU
GBR,EGY
GBR,SLV
GBR,GNQ
GBR,EST
GBR,ETH
GBR,FJI
GBR,FIN
GBR,FRA
GBR,GAB
GBR,GMB
GBR,GEO
GBR,DEU
GBR,GHA
GBR,GRC
GBR,GRD
GBR,GTM
GBR,GIN
GBR,GUY
GBR,HND
GBR,HUN
GBR,ISL
GBR,IND
GBR,IDN
GBR,IRQ
GBR,IRL
GBR,ISR
GBR,ITA
GBR,JAM
GBR,JPN
GBR,JOR
GBR,KAZ
GBR,KEN
GBR,KOR
GBR,KWT
GBR,KGZ
GBR,LVA
GBR,LBN
GBR,LSO
GBR,LBR
GBR,LBY
GBR,LTU
GBR,LUX
GBR,MKD
GBR,MWI
GBR,MYS
GBR,MDV
GBR,MLT
GBR,MUS
GBR,MEX
GBR,MDA
GBR,MNG
GBR,MAR
GBR,MOZ
GBR,MMR
GBR,NAM
GBR,NPL
GBR,NLD
GBR,NZL
GBR,NIC
GBR,NGA
GBR,NOR
GBR,OMN
GBR,PAK
GBR,PAN
GBR,PNG
GBR,PRY
GBR,PER
GBR,PHL
GBR,POL
GBR,PRT
GBR,QAT
GBR,RUS
GBR,RWA
GBR,KNA
GBR,LCA
GBR,VCT
GBR,SAU
GBR,SEN
GBR,SYC
GBR,SLE
GBR,SGP
GBR,SVK
GBR,SVN
GBR,ZAF
GBR,ESP
GBR,LKA
GBR,SWZ
GBR,SWE
GBR,CHE
GBR,TJK
GBR,TZA
GBR,THA
GBR,TON
GBR,TTO
GBR,TUN
GBR,TUR
GBR,TKM
GBR,UGA
GBR,UKR
GBR,ARE
GBR,USA
GBR,URY
GBR,UZB
GBR,VNM
GBR,YEM
GBR,ZMB
GBR,ZWE
USA,AFG
USA,ALB
USA,DZA
USA,AGO
USA,ATG
USA,ARG
USA,ARM
USA,AUS
USA,AUT
USA,AZE
USA,BHS
USA,BHR
USA,BGD
USA,BLR
USA,BEL
USA,BEN
USA,BOL
USA,BIH
USA,BWA
USA,BRA
USA,BRN
USA,BGR
USA,BFA
USA,BDI
USA,KHM
USA,CMR
USA,CAN
USA,CAF
USA,TCD
USA,CHL
USA,CHN
USA,COL
USA,COM
USA,COG
USA,COG
USA,CRI
USA,HRV
USA,CYP
USA,CZE
USA,CIV
USA,DNK
USA,DMA
USA,DOM
USA,ECU
USA,EGY
USA,SLV
USA,GNQ
USA,EST
USA,ETH
USA,FJI
USA,FIN
USA,FRA
USA,GAB
USA,GMB
USA,GEO
USA,DEU
USA,GHA
USA,GRC
USA,GRD
USA,GTM
USA,GIN
USA,GNB
USA,GUY
USA,HTI
USA,HND
USA,HUN
USA,ISL
USA,IND
USA,IDN
USA,IRN
USA,IRQ
USA,IRL
USA,ISR
USA,ITA
USA,JAM
USA,JPN
USA,JOR
USA,KAZ
USA,KEN
USA,KOR
USA,KWT
USA,KGZ
USA,LAO
USA,LVA
USA,LBN
USA,LSO
USA,LBR
USA,LBY
USA,LTU
USA,LUX
USA,MKD
USA,MDG
USA,MWI
USA,MYS
USA,MDV
USA,MLI
USA,MLT
USA,MRT
USA,MUS
USA,MEX
USA,MDA
USA,MNG
USA,MAR
USA,MOZ
USA,MMR
USA,NAM
USA,NPL
USA,NLD
USA,NZL
USA,NIC
USA,NER
USA,NGA
USA,NOR
USA,OMN
USA,PAK
USA,PLW
USA,PAN
USA,PNG
USA,PRY
USA,PER
USA,PHL
USA,POL
USA,PRT
USA,QAT
USA,RUS
USA,RWA
USA,KNA
USA,LCA
USA,VCT
USA,WSM
USA,STP
USA,SAU
USA,SEN
USA,SYC
USA,SLE
USA,SGP
USA,SVK
USA,SVN
USA,ZAF
USA,ESP
USA,LKA
USA,SUR
USA,SWZ
USA,SWE
USA,CHE
USA,TJK
USA,TZA
USA,THA
USA,TGO
USA,TON
USA,TTO
USA,TUN
USA,TUR
USA,TKM
USA,UGA
USA,UKR
USA,ARE
USA,GBR
USA,URY
USA,UZB
USA,VNM
USA,YEM
USA,ZMB
USA,ZWE
URY,ARG
URY,BOL
URY,BRA
URY,CAN
URY,CHL
URY,CHN
URY,COL
URY,CRI
URY,DOM
URY,ECU
URY,EGY
URY,SLV
URY,FRA
URY,DEU
URY,GRC
URY,GTM
URY,IRN
URY,ISR
URY,ITA
URY,JPN
URY,KOR
URY,LBN
URY,MEX
URY,NIC
URY,PAN
URY,PRY
URY,PER
URY,PRT
URY,QAT
URY,RUS
URY,ZAF
URY,ESP
URY,CHE
URY,GBR
URY,USA
UZB,AFG
UZB,DZA
UZB,AZE
UZB,BGD
UZB,BLR
UZB,BGR
UZB,CHN
UZB,CZE
UZB,EGY
UZB,FRA
UZB,GEO
UZB,DEU
UZB,IND
UZB,IDN
UZB,IRN
UZB,ISR
UZB,ITA
UZB,JPN
UZB,JOR
UZB,KAZ
UZB,KOR
UZB,KWT
UZB,KGZ
UZB,LVA
UZB,MYS
UZB,OMN
UZB,PAK
UZB,POL
UZB,RUS
UZB,SAU
UZB,SVK
UZB,CHE
UZB,TJK
UZB,TUR
UZB,TKM
UZB,UKR
UZB,GBR
UZB,USA
UZB,VNM
VNM,DZA
VNM,ARG
VNM,AUS
VNM,AUT
VNM,BGD
VNM,BLR
VNM,BEL
VNM,BRA
VNM,BRN
VNM,BGR
VNM,KHM
VNM,CAN
VNM,CHL
VNM,CHN
VNM,CZE
VNM,DNK
VNM,EGY
VNM,FIN
VNM,FRA
VNM,DEU
VNM,GRC
VNM,HUN
VNM,IND
VNM,IDN
VNM,IRN
VNM,IRQ
VNM,IRL
VNM,ISR
VNM,ITA
VNM,JPN
VNM,KOR
VNM,KWT
VNM,LAO
VNM,LBY
VNM,MYS
VNM,MEX
VNM,MNG
VNM,MAR
VNM,MMR
VNM,NLD
VNM,NZL
VNM,NOR
VNM,PAK
VNM,PAN
VNM,PHL
VNM,POL
VNM,QAT
VNM,RUS
VNM,SAU
VNM,SGP
VNM,ZAF
VNM,ESP
VNM,LKA
VNM,SWE
VNM,CHE
VNM,THA
VNM,TUR
VNM,UKR
VNM,ARE
VNM,GBR
VNM,USA
VNM,URY
YEM,DZA
YEM,BGR
YEM,CHN
YEM,EGY
YEM,ETH
YEM,FRA
YEM,DEU
YEM,IND
YEM,IDN
YEM,IRN
YEM,IRQ
YEM,ITA
YEM,JPN
YEM,JOR
YEM,KOR
YEM,KWT
YEM,LBN
YEM,LBY
YEM,MYS
YEM,MRT
YEM,MAR
YEM,NLD
YEM,OMN
YEM,PAK
YEM,QAT
YEM,RUS
YEM,SAU
YEM,ESP
YEM,TUN
YEM,TUR
YEM,ARE
YEM,GBR
YEM,USA
ZMB,AGO
ZMB,BWA
ZMB,BRA
ZMB,CHN
ZMB,COG
ZMB,DNK
ZMB,EGY
ZMB,FIN
ZMB,FRA
ZMB,DEU
ZMB,IND
ZMB,IRL
ZMB,ITA
ZMB,JPN
ZMB,KEN
ZMB,LBY
ZMB,MWI
ZMB,MOZ
ZMB,NAM
ZMB,NLD
ZMB,NGA
ZMB,NOR
ZMB,RUS
ZMB,SAU
ZMB,ZAF
ZMB,SWE
ZMB,TZA
ZMB,GBR
ZMB,USA
ZMB,ZWE
ZWE,DZA
ZWE,AGO
ZWE,AUS
ZWE,BWA
ZWE,BRA
ZWE,CAN
ZWE,CHN
ZWE,COG
ZWE,CZE
ZWE,EGY
ZWE,ETH
ZWE,FRA
ZWE,DEU
ZWE,GHA
ZWE,GRC
ZWE,IND
ZWE,IDN
ZWE,IRN
ZWE,ITA
ZWE,JPN
ZWE,KEN
ZWE,KWT
ZWE,LBY
ZWE,MWI
ZWE,MYS
ZWE,MOZ
ZWE,NLD
ZWE,NGA
ZWE,NOR
ZWE,PAK
ZWE,PRT
ZWE,RUS
ZWE,ZAF
ZWE,ESP
ZWE,SWE
ZWE,CHE
ZWE,TZA
ZWE,GBR
ZWE,USA
ZWE,ZMB
